-- phpMyAdmin SQL Dump
-- version 5.2.0
-- https://www.phpmyadmin.net/
--
-- Хост: 127.0.0.1:3306
-- Время создания: Мар 10 2026 г., 18:46
-- Версия сервера: 8.0.30
-- Версия PHP: 7.2.34

SET SQL_MODE = "NO_AUTO_VALUE_ON_ZERO";
START TRANSACTION;
SET time_zone = "+00:00";


/*!40101 SET @OLD_CHARACTER_SET_CLIENT=@@CHARACTER_SET_CLIENT */;
/*!40101 SET @OLD_CHARACTER_SET_RESULTS=@@CHARACTER_SET_RESULTS */;
/*!40101 SET @OLD_COLLATION_CONNECTION=@@COLLATION_CONNECTION */;
/*!40101 SET NAMES utf8mb4 */;

--
-- База данных: `equipment_management`
--

-- --------------------------------------------------------

--
-- Структура таблицы `consumables`
--

CREATE TABLE `consumables` (
  `id` int NOT NULL,
  `name` varchar(200) NOT NULL,
  `description` text,
  `arrival_date` date NOT NULL,
  `photo` blob,
  `quantity` int NOT NULL,
  `consumable_type_id` int NOT NULL,
  `responsible_user_id` int DEFAULT NULL,
  `temp_responsible_user_id` int DEFAULT NULL
) ;

--
-- Дамп данных таблицы `consumables`
--

INSERT INTO `consumables` (`id`, `name`, `description`, `arrival_date`, `photo`, `quantity`, `consumable_type_id`, `responsible_user_id`, `temp_responsible_user_id`) VALUES
(1, 'Картридж HP 85A', 'Черный картридж для принтеров HP', '2023-04-10', NULL, 5, 1, 4, NULL),
(2, 'Мышь Logitech M90', 'Проводная оптическая мышь', '2023-03-15', NULL, 10, 2, 4, NULL),
(3, 'Кабель Ethernet 5м', 'Сетевой кабель CAT6', '2023-05-01', NULL, 20, 4, 5, NULL),
(4, 'Бумага А4', 'Офисная бумага 80г/м²', '2023-02-20', NULL, 100, 5, 4, NULL);

-- --------------------------------------------------------

--
-- Структура таблицы `consumable_characteristics`
--

CREATE TABLE `consumable_characteristics` (
  `id` int NOT NULL,
  `consumable_type_id` int NOT NULL,
  `name` varchar(100) NOT NULL
) ENGINE=InnoDB DEFAULT CHARSET=utf8mb4 COLLATE=utf8mb4_0900_ai_ci;

--
-- Дамп данных таблицы `consumable_characteristics`
--

INSERT INTO `consumable_characteristics` (`id`, `consumable_type_id`, `name`) VALUES
(2, 1, 'Объем'),
(3, 1, 'Совместимость'),
(1, 1, 'Цвет'),
(6, 2, 'Оптическая/Лазерная'),
(4, 2, 'Тип подключения'),
(5, 2, 'Цвет'),
(7, 3, 'Тип клавиатуры'),
(8, 3, 'Цвет'),
(9, 4, 'Длина'),
(10, 4, 'Тип разъема'),
(11, 5, 'Плотность'),
(12, 5, 'Формат');

-- --------------------------------------------------------

--
-- Структура таблицы `consumable_characteristic_values`
--

CREATE TABLE `consumable_characteristic_values` (
  `id` int NOT NULL,
  `consumable_id` int NOT NULL,
  `characteristic_id` int NOT NULL,
  `value` varchar(500) CHARACTER SET utf8mb4 COLLATE utf8mb4_0900_ai_ci DEFAULT NULL
) ENGINE=InnoDB DEFAULT CHARSET=utf8mb4 COLLATE=utf8mb4_0900_ai_ci;

--
-- Дамп данных таблицы `consumable_characteristic_values`
--

INSERT INTO `consumable_characteristic_values` (`id`, `consumable_id`, `characteristic_id`, `value`) VALUES
(1, 1, 1, 'Черный'),
(2, 1, 2, '5000.00'),
(3, 1, 3, 'HP LaserJet Pro M404dn'),
(4, 2, 4, 'USB'),
(5, 2, 5, 'Черный'),
(6, 2, 6, 'Оптическая'),
(7, 3, 9, '600.00'),
(8, 3, 10, 'RJ45'),
(9, 4, 11, '4000.00'),
(10, 4, 12, 'А4');

-- --------------------------------------------------------

--
-- Структура таблицы `consumable_equipment`
--

CREATE TABLE `consumable_equipment` (
  `id` int NOT NULL,
  `consumable_id` int NOT NULL,
  `equipment_id` int NOT NULL,
  `quantity_used` int NOT NULL,
  `attached_at` timestamp NULL DEFAULT CURRENT_TIMESTAMP,
  `attached_by_user_id` int DEFAULT NULL
) ;

--
-- Дамп данных таблицы `consumable_equipment`
--

INSERT INTO `consumable_equipment` (`id`, `consumable_id`, `equipment_id`, `quantity_used`, `attached_at`, `attached_by_user_id`) VALUES
(1, 1, 3, 1, '2026-01-27 16:28:11', 4),
(2, 2, 2, 1, '2026-01-27 16:28:11', 2),
(4, 4, 3, 50, '2026-01-30 12:20:55', 1);

-- --------------------------------------------------------

--
-- Структура таблицы `consumable_responsible_history`
--

CREATE TABLE `consumable_responsible_history` (
  `id` int NOT NULL,
  `consumable_id` int NOT NULL,
  `responsible_user_id` int NOT NULL,
  `assigned_at` timestamp NULL DEFAULT CURRENT_TIMESTAMP,
  `assigned_by_user_id` int DEFAULT NULL,
  `comment` text
) ENGINE=InnoDB DEFAULT CHARSET=utf8mb4 COLLATE=utf8mb4_0900_ai_ci;

--
-- Дамп данных таблицы `consumable_responsible_history`
--

INSERT INTO `consumable_responsible_history` (`id`, `consumable_id`, `responsible_user_id`, `assigned_at`, `assigned_by_user_id`, `comment`) VALUES
(1, 1, 5, '2026-01-27 16:28:11', 1, NULL),
(2, 1, 4, '2026-01-27 16:28:11', 1, NULL),
(3, 2, 5, '2026-01-27 16:28:11', 1, NULL),
(4, 2, 4, '2026-01-27 16:28:11', 1, NULL);

-- --------------------------------------------------------

--
-- Структура таблицы `consumable_types`
--

CREATE TABLE `consumable_types` (
  `id` int NOT NULL,
  `name` varchar(100) NOT NULL,
  `description` text
) ENGINE=InnoDB DEFAULT CHARSET=utf8mb4 COLLATE=utf8mb4_0900_ai_ci;

--
-- Дамп данных таблицы `consumable_types`
--

INSERT INTO `consumable_types` (`id`, `name`, `description`) VALUES
(1, 'Картридж', 'Картриджи для принтеров и МФУ'),
(2, 'Компьютерная мышь', 'Периферийное устройство ввода'),
(3, 'Клавиатура', 'Устройство ввода текста'),
(4, 'Кабель', 'Сетевые и силовые кабели'),
(5, 'Бумага', 'Бумага для печати');

-- --------------------------------------------------------

--
-- Структура таблицы `developers`
--

CREATE TABLE `developers` (
  `id` int NOT NULL,
  `name` varchar(100) NOT NULL
) ENGINE=InnoDB DEFAULT CHARSET=utf8mb4 COLLATE=utf8mb4_0900_ai_ci;

--
-- Дамп данных таблицы `developers`
--

INSERT INTO `developers` (`id`, `name`) VALUES
(2, 'Adobe'),
(5, 'Autodesk'),
(6, 'Google'),
(3, 'JetBrains'),
(1, 'Microsoft'),
(4, 'Oracle');

-- --------------------------------------------------------

--
-- Структура таблицы `directions`
--

CREATE TABLE `directions` (
  `id` int NOT NULL,
  `name` varchar(100) NOT NULL
) ENGINE=InnoDB DEFAULT CHARSET=utf8mb4 COLLATE=utf8mb4_0900_ai_ci;

--
-- Дамп данных таблицы `directions`
--

INSERT INTO `directions` (`id`, `name`) VALUES
(2, 'WSR2022'),
(3, 'Информационные технологии'),
(1, 'Мехатроника'),
(4, 'Робототехника'),
(5, 'Цифровые технологии');

-- --------------------------------------------------------

--
-- Структура таблицы `equipment`
--

CREATE TABLE `equipment` (
  `id` int NOT NULL,
  `name` varchar(200) NOT NULL,
  `photo` mediumtext,
  `inventory_number` int NOT NULL,
  `room_id` int DEFAULT NULL,
  `responsible_user_id` int DEFAULT NULL,
  `temp_responsible_user_id` int DEFAULT NULL,
  `cost` decimal(10,2) DEFAULT NULL,
  `direction_id` int DEFAULT NULL,
  `status_id` int DEFAULT NULL,
  `model_id` int DEFAULT NULL,
  `comment` text
) ;

--
-- Дамп данных таблицы `equipment`
--

INSERT INTO `equipment` (`id`, `name`, `photo`, `inventory_number`, `room_id`, `responsible_user_id`, `temp_responsible_user_id`, `cost`, `direction_id`, `status_id`, `model_id`, `comment`) VALUES
(1, 'Ноутбук преподавателя', NULL, 1, 1, 2, NULL, '85000.00', 1, 4, 1, 'Основной ноутбук для проведения занятий'),
(2, 'Рабочая станция мехатроника', '/9j/4AAQSkZJRgABAQAAAQABAAD/2wCEAAkGBxISEhMSExIWFhUXFxYWFRUXFRYYGBUZFRYXGBYXFhUYHSggGBooHRYXIjEhJSkrLi4wGB8zODMtNyguLisBCgoKDg0OGhAQGi8dHSYtLSstKy0tLS0tNy0tLS0tLS0tKy0tLS0tLjctLS0tLi0uLSstLy0tLS0tLS0tLS0tLf/AABEIAQcAwAMBIgACEQEDEQH/xAAcAAEAAQUBAQAAAAAAAAAAAAAABgECBAUHAwj/xABSEAACAQIEAgYECQQNCwUAAAABAgMAEQQSITEFQQYTIlFhcQcygZEUI0JScqGxssIzYsHRFRckNENUgoOSosPh8BZEU2NkhJOUs9LUJXN0o+P/xAAYAQEBAQEBAAAAAAAAAAAAAAAAAQIDBP/EACMRAQEBAQACAgEEAwAAAAAAAAABEQIhMQMSURMiQbFhgZH/2gAMAwEAAhEDEQA/AO40pSgjnS3pjh+HtEJ7/Ghytgx9QoD6qn54rM6M9IYcdEZoCSocobhhqApOjAHZhXO/TvgZZWwPVRSSWGIv1cbva5gtfIDbn7qyvQ110ERjlRo1lmkVVkRkYSJEjjssATmQP4DqfGg6jSlKBSlKBSlKBSlY+Jx8UZAklRCdgzqt/K5oMilaPGdJ4A6Qwuks0gbq1Vxl7N7lnFwBdSO/Q9xrz4ivVxNJjMWyKRYrESgF9cqEDrGbQ2K2J107rgkFK5weia4zL1S4iGMOG66bEzSPIFBHYjZzodO1caG++ldEhTKqrcmwAudzYWufGpRfSlKBSlKBSlKBSlKBSlKDnXpSwOJxLYUYWfqshmWS8k0YJPVFbmNSCOw+raX0GpqvRHBYiHAzpNKZ51l6+EiSSTN1SRyLGsjgaEqym2naYd4rL6f9EMDLC8jQRq7yIZJRaNm1v2nG9zYa9/fauX9BOHHDdIIxHn+DCSROsLFkJOEdgplHZY3O16D6GhlDqrqbqwDA94IuDV9RyFp8OOoUBY4z8U+XMrQn1YwARldB2LG4ICG9yQt+PxmJSVBdOqJXM+ezZWNiQvVkab72I5igkFK1omiIDfCjYgEHOguDqOQqxpsNznv/ADzfhNBtGYDcgedCw760GKxmCtrNl8Q7nw3N6wpOk/DY8wM0HMqWyg637JzWJsefcR3XqauJS2IQbso9oqK9KsdCrLO5Uph1klzB1upWN1sF3JKu407vGtQ3pCwa/wCcYUH83J9mc1H+O9IcHi4pYxOjuVzMTyjRlaSxYZR2QSQN7HSrLDG/6LYcqGncBpsS3WuQLmMbJGXvayJpaw1J77VlYTEOYlL8iACTqy3AVm7iRWB0V43hpwfg75hcrquTWNVNsmVbDK42FvaddhjXCxC4Njl2Una29qt8iUYvi3Vo0rRMI1GZnZo1AHebtoPE17DEzH+A98i/oBrjXSTpKcFNhsQkpkujQSw5QFkCGQZi1wVOYkFRbYcrg2n01SqLJhlA1sDIBa5vYdk2HhWR2gtP82Mebsfw15xtOSy3jGUgXsxvcA33Hfb2VxCT03Ys7RRDzkB/sxVq+lDikl2jhU31uqStfS3yWHdQdi4visVEVyWe+5CouUXHzm10vXpxVJlC2xBBN/kJ9VcRl6bcck/gpCPDCTn7Sa85OMcclGokHdmhjW3/ABV0oY72ON4dZEw7Tp1xTN1eYZ7C92ZRsLg67X0rXR9POGFS3w6AWYqQ0gVgQSLFWseR5cq5X0EbiJx6/DHYr1b2VnhJuctiEQ3AsTytr41Eem3EMMyxpCuVlJLmwF9WB1vc9rN9ffW5NlusddZZM9voXBdN+GysEjxsDMSFAzgXYmwAvuSSNBUgr5H6LuTicLY74iADW1z1qbfVX1xWWilKUHEPS7xeWPi8ETTSJh+qhZow7iNvjZSXaMHKzXUa2PqDurVcdjB4ZAMNZgMZeFnKgv8AFkhry2DMbk67713PiPAcLiGDzYeKRwAA7IpcKpLBc9r5bkm17anvryPRnBWt8FhtmzgdWujWy5hpo1tLjWrvjEzzrgLYjjNykuJMZU2KyS4a6nutqRVPgfE32xoN/myy/wBjGa+kIcOiABVAA7hXrWca182RdFuJP62Imt+ace31GMV7fte4uTdsQ30sLOf+oy19G0phr53h9EuIJuUlP+7xKfe2IP2VmftUyqpYxYgAAknrMKugFzpdjXfKoRfQ0NfNEfRuD/RYs+HWQ2PuirMwnBlRsyYJ72ZbmZjo6sj6BQL2ZhX0KuDjG0aDyVf1VB+lfD40lyKxhElmziTILoBpq3MadkcuW4Ya0PQaCPDmaMRGONQWDkyEkv1YcsGLWv1cdrHltfQSKeVXhtzVlDDmpzDQ+NiK0ODxkUIzWzlcyHquslZCScit1bSM1wpa5ubyXNrmreH8cLgRjB4iNXcMXeHEWUtIG7XxJ5m172FjtYXorivRzPjMXGZrRYREJC5Y5C7l3OoJNic+a9jzG+tSWD0cQLoJpB9FYV/s6miiwFVqYiMRdCYV/hsQf50D7qivb/I7C8+uPnPL+hhUhpTF1oB0NwXOIt9KWZvvPXsOimB2+CxnzW/21uaUxGsk6P4RnEhw8fWAZesCAPl+bnHay67XtXngujODhFo8NEBmL+qD2mvc637zW3pVGOMFEDmEaX0F8i37JuNbciTWRSlApSlApSlApVCw76t6xe8e8UF9eeInWNWdyAqi5J2AqvWr84e8Vh8YnAglIsbIxsDqbC9h7qDG4ZxD4YiuuZEt2wDZ825S+62BFyNdRYixqskqQzooZtY3LKDJIxIaMK2TUn5fat51puheLl6ySJ7dWq5w19WZspZjpprc+2vfhmMmUTTtGCZWkMba3VI2KxBwdls19LDRjudQkWGxaPcKdRa6kFWF9iUYAgGxtprUb6ZxgzYQkbSEj/hSj9NbLinDWETyRyN8IRGaORmYjMBezRg5cjWAKgDTaxAI1vSWXM2Ea1szA27rxubfXVEYiWVZpury9qcDQgMcqF2zArqLXAueXK1b3ggDTw5lBIzeOnVixt/JGvfUf4zMY4p5F9ZZZCN/9ALjTX3VicM+ExHheIJcJiZIVOZ0JIke4OVQLZkI7tDbKDtjrrzjpz8ds2OwUpStOZSlKBSlKBSlKBSlKBSlKDD4rPkjY87aeZ0X6yKhMvEjmYZ5NDbs59NAd7EbEH21Iek2KAFr2ABY+G4B+8fZUBimkLdwJudtL6kXDcttuVd/j51jvc8N0OIt8+X+kw/FVy49++Y/zv8A+lYZuB2WN+RJJH6DQliNGN+Z1I92auv0Y/c2uGkZhmbOAL6M972HgxFbDikcw4bL1amSTqXcR2LF9M3VhRrcjs2HfzrEw0OZY4vnsAfojVz9tTCEbn2e7/H1V5+/brPTiuJ4tNFhDirTQiTqomMgeJRIuV5EVHsSpCMtxobEd9ZvCeKyTEQQYxXdusCoEb1XBcizAC3ZYnTX2VOMbLHJB8HLAnrJM6gm+VZntex01UaHexqLdc8McMnWyhnRTJ8ZIxIRLhRbftNYA20J8q5YrYDimNMUOGleN/hJEQZQVlWIsqyzEl+0tmCqRreRDrtW66X6SYb6f4WrUej3AyzPJip9lyRQDMGuir1gbQ2y3l0H5iXsUFbfpj+Uw/0v0Gt+vA0mEw6SS9W6hkbEkMp2IMAuD4VN/wBiYMkKdShWHIYQVB6oxiyFL7EAb1DOF/vhf/k/2K1oT6QsbDxLEiUGbBxvKqrCkRbQ2U5rgm1jfW/hWLm+WuZ1fTr1K1HRnjyY2JpUVlCyNH2ra5QDceBvW3qslKUoFKUoFKUoFKUoFUY6VWsHik65WTrFRypyltbEggMVuLi/iNt6CKccJmLAHRtf5I0HvA+s1rcNwgIbrmudD7d9gNfPvra/sdN/HcL/AMu3/kVd+x8/8ewv/LN/5Fd+fkyYlmsE4O5v2tu/9PdV64S3I76fqNZg4diP47hP+Wblt/nFXfsfP/HcL3/vZvf++Kv6qfVmcJjAd3PqxJl9pF2PmAP61ZKdI4gBdJNRe+UHz0BvvflWFisWmFwrXkjeTtMSOyrtYkdnMco0Uan21HuFccjaaUgrlEmWMMLFlZgGYd4ADEbV5+uvLeNrhWBTVkZ+td2KD5MjuwDXGZdWHdrao9x/AiSLDgnshVJQ2s1sgN9vnC+4sLW1vUm4wEjcsLdZlBUc7g5VFr7G7knwNQzpaZYokdJ1jGZIo0CIUQOy6L2cw+LXYm+YWBtvJRs+hXSFMBh+plSaVM8p68ESvdMvWdYBZuypBFgbqNAbVJOlUqucK6EFWIII2IINj9dQfh/CZY8saYiIgTK9miYlyGawOtrZGy8lvrY7VtcJKmVEjEgVZM7FlbIpe+Y9YbrqbMRfdiedbtlqSVfiFJ60KWBMj2KGzAnDaFWGzX2PfXN+I9H5ZsaEGHlkVWU4ghirDrAWcB3PaI3vrzrpax55GQNlzTFQ++XNAozW52vf2VxrD/ubHSQ9m+HkniDDQEoXiJAJFr6nf31mj6A9HPCIsFhZI0LhOuZyHN2UmOO4Jyi+17251LUYEAjY6ivmrovhoIMRDPuYyTlsov2SNG8L3+21dc4R0rUAEMDHYZm2VSd84uTFrsSSp+depbgnVKxcLj0ktY2J+Sd9PtrnPpN9ImK4djIsPCkBjaFJGaRJGYFpJFaxWRRYBByPOro6hSvOBiVUsLEgEjuNta9KBSlKBSlKBUU6Tn44fQX7WqV1DOkbk4lgVBACgEki2gOtraXJ3pCMEPV2eqIgJOgFuecm/l/fV/VeXvP/AG1pVM1ULVf1Xl7/AO6qGId39ag0nSa7RqomEd31JTMGCozkEBgdApbf5PsOEeBTF7x42BOVvgoJDAutw2bfsMO7snSpP8HXTs3tr69ZMcpHIf0l/wC3z99RM860EfC8U5zPxGKQlly3h11ygLck7tMhtt2hYCvPEcBkmgAfHxEqVkiKoFQlVVlZ9LlcrE5QdQwHnKFxRFuzt4x+Hh4D3DuqoxPLqh/9e1rW0XuAHspjW1EuD9GpkYl8dFIwZgMubsnOyMOeoaJ18MrcwLW4xhhZF6kx5iI3kdUPxgZwEDtmBJscwvoQ3dYVk9OOmL4EQsmHjbrGfMXF7ZCDcZbXPxjH2nvrM4hhhMzZxELqEvGr3shBXQ2FxYC9tABa1Xj689zqs9W3m8x4cUgFliQAMSpbRGEok+KMbEFct1I20BYXsLEQHinQ1fhDTJi2lMh68hoSptPISuaQuddSSSL6agXroqYbK5lEhzEAE9WbdnY5RLlvbQm1zYdwpiCzX6xwwNh6iropuAb3vryrPXUEXTotE8cjxSqTEQrrfVcwsCrcxqdOVjqLEVkcJ4QqqZPhCQsgsXeRUUmwJGYnTexBFrg+db+TCROqoyhkUllUrBlBO5A6rfWsjJoFysQuqjtAA94ygAeysi3o/wAQSFRJ2TGgYp1bLlkbK10jF7K19Mo7OotYVFPSbwx+ItDi0idTl+DlWKjYyFZF+euZ9gL9nUC96lxTSwDeXWS/ie1W9X+aD5hW+0mnoTpMbECidamdh2VzLmawucq3udjtWTUA4P0aWXF4fFApGcOzsVWMXkEsbR2zLbLbfY7VP6sClKVQpSlAqOdOMJ18UWHuQJZUzeKpdyCL6i6rcc6kdaXiHaxUY+ZGze1yFH1A0Eeb0ecLP+ZxewWq39rzh3KC3k7j7DVvDul6yYh43jyATCGI5iC57ea67EjJfwB99ODdM0nnkjaMoqzCGJs/5QkSXuttxkBI1sG121XJca+OXvm9c+p7/wC5/ajejvAnZZR5YicfY9ecvo7w1jkfEBrHLfFzgX5XOYm1ZPB+lsc8jxkMhDog7asGL5tuzcaoRat1LjAtizFVLIqnsnMWOUXBXS5tsTvyrfXF5uVnnqdTYjv7XsHLEYweWKm/7qp/kAg2xuNH+9SH7TUgPFUzsLlQrBSSFsxLiOw5jtMB7/Oq4jiyK2W+UA5SxAIuDYg2a4G4va2hrz/r/Fm/ae8/3+G/p1+EcboG3LiONH86h+8hq3/IablxPFe3qj+Ctn0q6VrgyqBQzkBjmYqqqSQpuASSSLW9u1bPgnFkxMayKym/IfJPMHvrpLLcbvxdzid2eK5l0h6KyGSNJppZ1VjbrAgtfcjqxsQo3PsqaRwC2o152ZrfWas45dpTY27XhrlFra8tK943uARf2gj6jRxWCAAnsryt2RfxuedVAttp5VHOm3S5MBGOznmf8khOhA9Z3tqFF7d5Og5kav0bdKsRjTiFnykpkZCq5bB8wK+Pqgi+upqCdXqlVqlBY4qwCvRqsoN50W3k8l/FUhqPdFt5PJfxVIasClKVQpSlAqP4eUPiMQddCqf0Rr7bm/uqQVqekkCnDyEqt+zrYX9ZaDHk4TCZVnMSmVQQr5RmF99a834NAZlnMY6xb5W10vuQu1/G165D6MCz8SkR2ZkWOdgjMWW4ljUdk6aZjV/pc41iMPjIosPNLEBAr2id0zM8kg1CnXRBap9ldSfo1hjOuI6u0iksLMwXMdC+QHLntcXtfU1diuBwyTRSMWJiOdI85yAm4zFPf4V8/wA/Tjicfq46bRshJYPfKFBPaB3Nz7a98F6ReKk/v092sEDfhFa0d04h0ajmkjcvIFR+sMQK9W7g3VmuubQ6gAgX5V58X6NCdl+OkWMP1jRDLlY3zHW2YXO+vhpc1x9PShxZd5YX+lAB921eyel/iY3jwrfyJB9j1zvx8X3P8tTuz+XSOmXQWPHOknWtE6qEJChgygkjS4sdTrr5VToP0amwYYSuGF+V7WUWFgdtPruedQKL00YwevhID9F5F+0msg+md2GV8DYaapPr7iuvlzrWSXW78/V5+t9JtjZO0Dbdu8DfzrOFQfo901XHYnqVw7Iqo0gZ2BJsVW2QCw9fe52qT9IsSYsLiJF9ZYZCv0ghy/Xaji4nxueXinEXEXaLuY4deyI472YnktgXP0jvXVehHRNeHo46zrJJCpdsuUWUHKqi50BZted/Con6GeF2OInZSCAkSXBBAPak0PlH9ddRFBWqUNWmoKmrDVb1Q0G86LbyeS/iqQ1Huiu8nkv4qkNWBSlKoUpSgVr+PD4h/wCT95a2FYPG/wAg/s+8KD5v4dxqTA4x54wCQ8qsrbOrMbqSNRsDfvA32rW8f47JjMU+KlyghTkUXyoEB6pRzPbIJvuSdhpXpxpPjJf/AHH+8a0jqTewJOgAG5JIsB41Bdh4RlS/O+nKwJH4fsrMXDKNhbyrKxGGSKR43dR1MWW+2Z1AZ7d7ZmOnMpbTcZkfA1c9jiERvsPiTbuF1lBOl+XdpVxWoOGHefq/VVpwf5x91MaWimeLOsmUgZlBF7qDyJ77eyvXEGRAxZcuVVJDXDEswGWxHK96YjHbBH531f31YcIe8V7TY5BlswYkAkLqV02PL3G+m1Yk3E+Wlr69/wBtQTP0XYYjGsdPyD/9SKui9LlJwWJA/wBGx9g1P1A1z70RzZ8W29+of78VdWJoIX6KYiMG7kaSTOyeKqqJf+krj2VNBXmigAAAADQACwA7gBtV96gqTVpNCatJoBNUJq0mqXoJB0U3l8l/FUiqN9Et5fJfxVJKsClKVQpSlArC4x+Rf2feFZtYfFvyL+z7RQfNHHl+Nk+m/wB414dHDHG0s8tssIV4wbfGSjN1SD2nObbBKz+MwM8zoilmaV1VRuxLkAD21jcRx8eHaCBbSRQyB5rC4mYkCZvEZewn5qg/Lo1IxYJGdFLMCW7ZJsCS18xJNud9KuOHvyB9qmqz4MQsYjqFtkYHSRDrHIDY3DKVOnfVoy9xHjmB+qw+2u09MPKXCX+RcDvW+3srxxseYMz3LWOpJvzP2kn21mdaq3Ot+RsBbT6VbDCcExMwcIjKCD2nzRpZrfKYWbyF/bUoiM3FJTD1Je6AAAEKSApBADWuALfo20rW1ueNcFbDlg0iEjkBICbFQSLrYjtDW+vstWmrjM/hq2326T6G8O4xTOR2WgfKbg37cVtL3Ggrq5Ncx9E+IQ4gIjXy4dgQTzDR3tdRp7/19MNWoXqt6svVSagE1aTQmrDUAmqXqhq00Ej6IHWXyT8VSWox0O3l8k/FUnqwKUpVClKUCsTi35J/IfaKy6xOLfkX8v00HAsTGsZxMzEhjJOqEEgqquVkdSObF1iU7dt+6oDiXJJJ3P8AjQVO+M4hWxSxZbRjEBWBtZlSUiTY7GRsQfHMvdUz4bg+HMgyQxr32R0877VI31+I5rwXEo+GEeIUv1ZtEQ2SVFLaqrEEMmt8rA87Wq9p8Erax4gju6yOw90dz766gej+BbZF/pL+q9YOI6A4JtcpF+Yv9oatbWXN8d0nWID4IqRtscqOJLEE3M0oLDXkrD6qdHOKrJPfE2kdkdYuuctH1ptkEhb5JsRroCynlUzxXoxgPqSMv8o/qrVYn0XvY5Zbjxy/rBptRHul8kjLIWi6uxyMiSDIMsi5S0VyQddvkk671CxXSOM8JnKGPEws+UZY5khcugAA1bUOOyNyNrXtUXbo3Jukcz+JhZB9Z/XWZMWpL6F0/dTt/qnH9aM11c1zv0XYGSPEHMpA6t+RAvdPDwroZqhSlDUFpNWmrjVpqChq2rjVtBIeh28vkn4qk9RnodvL5J+KpNWohSlKBSlKBWDxuUJh5XOyoWPkup+ys6o/6QADw3HXAP7nl378hsfMGx9lFk24+f5GY42AMe1mhzfSYKz/ANctU54DHaMADb/HOoZLCF4oqgWAxAAHcA+lTWHh+YSfGSIWRo7qxAXuYDYMO+s/h0mXbWwSLwIufDXx0Jqqsq21t4nS/tO9Y+L+LhIM7ACMAyEKWTIr55uyLk2sSNuytrXJqBHGxmRT8KxGUr6xUGR9W7SE+quhFgvyTcg3AvMvVxZx+37OmozjZza+2u1thr389f016tiZBzBFtjYa917beNR3gUgCDKJAP9ZfMb8zet80gCliQABckmwAGpJPIUsy4zir4gjlf/G++1e8PEbC2Ugbb93hWnXi8LsyRursPWykHL52rNeRQLk286tlntJN9NXBjC/FhYtk+CkhSTa+ca5e/wAakJqL4Jv/AFde74K33xUoNRmlUNKVBaaoaqapQUqhq6rTQSHofvL5J+KpNUY6Hby+SfiqT1YhSlKoUpSgVoenoP7G46wv+55udtkNb6tf0iwwlwuIiOzxSIfJ0Kn7aVebllcB4jEw4uuZQC08bWBuLNYixIF/d310fhOAUliWIuTYZSfrF7eVvbUM4uofE8NxFxnLLBMuYXWSFyp031PWa/mipHj+GP1vXR4iSPWMsi3KtkY576/KWy2A0sDrWXSczbLV+IjWbEiFJFKpGsjNcAXdmCr2tzeO+UjcA62IrPfgiRnrDGoawGc2LWvoC+ptfYXrVcLxLPNiZI2BBxWRiwseqjw0Ysmg2lJGv53Ot7OFCWGp7I+TsCRoB7Tt8r3aStZPHr7v01XEw3TKRo/ZN9ip1cf0Q1ZhOQXYKWI0uAb2+UFJNhqd78vOo3wLGSO0zM5CpPMIzo1jcoqorG1vW8BY1mXye2xiwcUSZYkRRrZVAA7yTbYc7/pNeH7Exl+sOZ3vcFmYhfoKTZR5VhYjEyvjVDMWLQjS9/4Q2Av51sekmLaJUCqEYSICVYsSGe1mbxFja3983fbe3nxy1uD04wo/2VvvVKTUTwLk8XQn+Kt96paa041SqVWqGoKUpSgtNWtVxr1wuCklNkUnvPIeZoNz0N3l8k/FUorVcC4SYAxLXZrXtsLX2PPetrViFKUqhSlKBWLxT8jJ9BvsrKryxUOdGS9swIv3XFqDi/R2S0+MhmQrC2JeZJWFlSVZNCW5A5VF/ZsTUkxWKEUTyMGfIpJFhmOUXOmg27vYKxekGOeAvHJg8U8eoLFYOrkTvF5rEabGx1GgrTS4+SRlw6ztlcEKjwO8xtYrH1yEgryuQWsbXN71JmumyxsuB8NlSCO4HWNeSSxIOaUmRtLG5zMRbwr3PGI0cRevOVLCNbNkAsCXb1FIuPWIA+qvPHcLxchBnXqxZlMSmQRAMVN2IIMzDLzyjUixBNZnDeGQRABF1Hyiq3GhGlttCRoNiae6eI8CiMbyD4xiy3zEakXOVmUZjYX9U7aNpevT4NmW5CMxAu7L1l7bH4wtYaaAWFbCS3Ijx5fba9eU2FB3UEEWJA5HcZu6+tqn1PsxIg1ySSGta4VU0vyKDx2v7K1eMwBkCxtIAQ6vdrFiqtcC1/AC5reNHfW5GoOh3ty15eFWLG21wdSdRy5DkBb20+pqNYYW4wg/2Y/bUsNRGFj+zKBrZvgxJtt42PMVLSarFVq0mqE1kYPBSSmyKT3nYDzNQeF69sJgpJTZFJ7zyHmakWA6OIushznuGi/rNbpEAFgAANgBYD2VcRwf0mdIsRgMVHhEyqCkcjS2uSrOQQl9AOywva/daunejFAcCk1mvMzuS17sAxRG11sVRWH0vGt7xTguGxOUYjDxTZb5esjR8t98uYG23Ks2KMKAqgKoAAAFgANAABsKYLqUpVClKUClKUClKUHMvTviJo8NhHXMIFxUbYgrfQLqma3ybg76ZgnO1Rr0acVkxnF0bDr+54YpDNJltmzqQgLEadoiw3OVzXb5Y1YFWAZSLEEAgg8iDuK8sFgooVyRRpGu+VFVF9ygCgyK8JcJG3rIp81F/fXvSg1cvAIG+SV8mP2G4rDm6ML8mQjzAP1i1SClBFZOATgWDK3t/QwtUdxXE4IZjBNNCsosCjSoGGYXAKhrXIINrcxXTK4D6auE4Ph8uGbD4SEdaJ2kVw7KSrRFcq5hktmf1bDteVBLsLwbDiUYhFOcJ1YbNcZdTYe/xrZ4TBSSmyKT3nYDzNRXobgcN1+GgCrEZbvlRQGYInWMCwsbbC57xXZUUAWAAHIDQUVpMB0cRbGQ5z80aKP0n/GlbtEAAAAAGwGgHsq6lEKUpQKUpQKUpQKUpQKUpQKUpQKUpQKUpQKUpQKinpC6Dw8VhRHcxyRkmKUANbMAGVlPrKbKbAg3Ua73UoNZ6P8A0bDh8rYmbEtiZ8nVoxUqsaaXCgsxJ03uNL6am8+pSgUpSgUpSgUpSgUpSgUpSgUpSg//2Q==', 2, 2, 3, NULL, '120000.00', 2, 1, 3, 'Компьютер для работы с CAD/CAM'),
(3, 'Принтер общего пользования', '/9j/4AAQSkZJRgABAQAAAQABAAD/2wCEAAkGBw8PDxAPDxAQDw8PDxAODw0PDw8PDw8NFREWFhURFRUYHSggGBolGxUVITEhJSkrLi4uFx8zODMtNygtLi4BCgoKDg0OGA8QGisdFR0tKy0rKysrLSstListKy0rLSstLTUrLS0rKystKystNzgsKzc3LS0rLSs3Ky04KzQrK//AABEIAOEA4QMBIgACEQEDEQH/xAAcAAABBQEBAQAAAAAAAAAAAAAAAQIDBAUGBwj/xABIEAABAwEDBQoKBwgCAwAAAAABAAIDEQQSIQUxUpLSBgcTQVFTYZGT0RQWIiMycXKBobEzYnOUssHCFUJDVIKio+Ek0wiz8P/EABcBAQEBAQAAAAAAAAAAAAAAAAABAgP/xAAbEQEBAQEBAQEBAAAAAAAAAAAAARESMQJxQf/aAAwDAQACEQMRAD8A9xQhCAQhCAQhCAQhCAQhCAQhCAQhCAQhCAQhCAQhCAQhCAQhCAQhCAQhCAQhCAQhCAQobZao4Y3zSvbHFG0vfI40a1gFSSV5Flzfvo9zbDZA9gJAntLyy99YRNxp63A9ARZHsaF8/u35MrnMywt6BZ5z85Urd97LB/k/u8n/AGqac17+heDM32crH+U+7yf9inZvp5VP8r2D9tNOa9yQvE2b52Uz/Ldi7bUzd8jKR47P2J2k05r2ZC8ebviZSPHB2J2lK3d/lHSh7H/aac164heS+PuUdKLsv9o8fMo6UXZDvTTK9aQvJDu8yjpRdkO9NO77KOlF2I700yvXULx5++DlIfvQ9iO9V374uUx+/D2I7005r2lC8Pfvk5U5yHsG96hfvmZV5yHsGppzXuyF4G/fQyvzsXYMUDt9LLHPRfd4005r6DQvnh2+rlnnovu8aaN9nLI/iwn2rOynwITV5r6JQvDcj79lrY4C2WaGZlcXWe/DIByhr3ODj0VavYsg5Zgt9njtVmdfikBpUXXNcDRzXDiINQQqljQQhCIEIQgEIQg4HftthjyPIwGhmlhi9bb4Lhqgr53aF7R/5B2vzVigri6WSanK1rC35vC8ZaFmt/KRgViMKJgViMKKmjarcTVBE1PktsMRpJKxpGBaDecD0htae9BfiarcUax2ZesgzzDUlP6Vaj3SWEfx/wDHNsoa2I4lYZCsiPdVk8Z5/wDFNsqdu67J3P8A+KbZTDWqIU7gVmDdjk3nz2M2yneOWTefPYzbKYa0DAonQKmd2WTefPYzbKY7djk3nj2MuymJqxJCqssSjfutyef4x7KXuVaTdRYTmlPZS9yYulkjVWRibJuisZzS/wCOTuVaTLtlP8T+yTuTDTpGqs9qc3KlnebolaCc15r2jrIopJWU94BBBBBBxBBGBHSEFJ7VE4Ky8KFwQQOC9x3gLWXWK1Qn+FaqtH1XxtPzqvEHL1L/AMf7XS1WyEnB8MT2jpa5wcfi1WJ9ePcEIQtMBCEIBCEIPAt/e2X8pRRczZgffI81/wDWF521dJvnWzhssWw8THsib7LY2kjWc5c41Zvrc8SxhWYwq8asxKKsB91rnaEcj/e1hd+S4uCBz63Rmz40XX2t92Cdx4oXjWowfiXIWe0ujrdpjStQDm9asZqduTn8dBgTXP7lTVw5UmpSrafZx9ypLSFQhCIEBCEBVCEIBCEIDBCEILDrKaAjGrb3okU6F0mScbLCeQSN94kcf1Bc823kNDbowFK16Fs5FBdZgGucyj3A0oRewNaHCtCBXoCzWotSBV3pZIJOedqR9yhkgeADw4JNatuC8PXhTqKjRHLtN5q1cHlmEVpwsM0IHKTdf+grhwxwzvvDkutHxC3tx9pEGUsnzYgeExtPQ55MR93l1VnpfH1QhCFpzCEIQCZM661x5AT1BPWVuqtos9htUxw4KCSTVaT+SD5ayvaeGtVplrXhLRM8H6hkcW/CihaoIm0AHIAPgpmrDonYrEaqsViMoFyqf+LP0tjb7zKx36SuQou3Nk4aMsNbpljcQDSoDJcOtzUke5qPiDh6nuH5qypZribp5EUXes3MM+t2j+9WYNycFHNLc4bSpJIx4jxK6nLzmhT+Bfou1SvRJ9ycDGAgGpkhZ6Tsz5mNPHyOK17NufjaKNDWjPQNGflPKpq8vJOCdou6igQv0XdRXszMiN5fgFKMispUuoBiSaAAJ0cvFpLNI0lpaajPQV+ITeBfou1SvaoMlRSND45GSMd6L2Fr2HGhoRgcQU85Dby/AJ0cvEhC/NddqlNc0jAgg8hwK9plyAwgg0IOBBaCCPUsjxNsz3yVb6JbdAc8ANLBmAPLVOjl5YQii9Pm3IWegZcHpVBq69S6cL1a0wzKrJuOs4/c/vk7005eecE7PddTloaLotzh8y8ckhPW0dy2JNy0A/c/vk71B4A2z1DBdDqEipOIry+tLSTEMqHwzugMl15gY+jpfOFrTgLuLroHlDi486bIUrIbKWOdI6QTD0bsbHN6MTis2438/PX9k/VIqRs3BtjlGeGXhB623Xj8JURT2isUg5HMd7sW/qCrL65sUofFG8ZnMa7rCmXPb3tsM+SrDIcXGzRB/thoB+K6FbcwhCEAuJ34rZwWRrTyyXIfdJI1jvg4rtlxO+1kaW3WDgYKGUPEzGEhokLCKsqcASCaVoKgVIGKD5wCeFNlCwy2Z120RvgdmuytMZPqrnUDHtOYg+8LDonYp2Ku1w5R1qZjhyoNKzSFrGkcbpB8I6fmrbLaVlsfUUrhUkdBOf5BSsZ9ZBrMt5U8NtOLuIUHzWQyD63wU8dnNCOEN04lt1uflqgv23Kfkt6JIz1PDvyT25c6R1rNmyTHK269xLTQkZs3qVc7l7IBWjj0BzsejOg3m5eHKOsJtp3QebkFRixwpX6pWONyFn0B279lK3cjZwcI6EYg8PJsfBDWzZ7ayxA2RjgWwPkY0mjSQXl1acXpJ53R9LesLJtm5qOeR0swEkkhvPeZXMqekNYGjiwoq7tyNnH7g7eTuQ1tu3RfWb1hNs+W6ukNQahnH7SwPFqx0zHjFC92BBoR6Sls+TIYQRGS0E1IvVqfeg25cpE+XokDrqPzVaTKris17aCgkIaaXm+Qa0zY0wUDw3S+IQXpcoEqpaJS9p6KH3ZvzCrOcNL4hRmYCvlDHDOOUH8kUyROYWEUc9reKnBvcaY8YI5f9pIraYzeY8AkFpPkmrTnFDhRJJlNx/fZqxdys+rPGb8y+qspxOINTXyage6qdZsRK3liJ1SHfkllykSCDIyhFDhEMOpLYbHNOaWeKSYnyfNMc8Y8pGAHScFPV8e+bx9r4TJDGE1MM00Z6BfLmjVIXoC8+3nMiS2GyzRTHzkkgnewEOEZc26GVGc0YCaYVJpXOfQVtzCEIQCy8uZo/WfktRZmXPRZ7Z+RVgy5TUUOI5DiOpZ8lkhJxggJ5TBCT8Wq/IcFUcVURtsUH8vZ/u8GynixQfy9n+7w7Kc1PBQMFhg5iz/d4dlL4DBzFn+7w7KlBTkEIsUHMQdhDspfBIeZh7GLuUqVEQ+Cxc1D2MXcjwaPmouyj7lMgCuCCA2ePm4uyj7k0wR83F2UfcsobqYCxshjnaH2nwS65sIkjfcvl8jeErG0A4h1HDDycQkj3TwOmEAjtBebRa7KCImlvCWZjnPODqkOuPDaCpLCKBFahgZzcfZR9yaYmaEfZx9yzId0sDxB5EwNoN1gIhJafC4LLR92QgG/aGVFSQA6tCLqiZuogcxz2xzksMYMd2FryZJHMaKukDRgy/UkC65pzmiDVdG3QZ2bO5MLG6LOzZ3KSGRsjGSNxbIxsjThi1zQ4HDDMUEKiAsGizUZ3JhaNFuozuU5CYQiIHN6G6je5RkdDdVvcpyExzVRXcOgare5Rn1DVCsEKNzUEPH/AKAWrYSTnJPrNVm0WnYAlHQbmc839H6lurE3ND6b1s+RW2sVoIQhQCzcu+gz7T9JWks7Lv0bftB8ikGNIcFUcVZlzKm4rbKRpUgKgaVK0oqQJwKYCnAqB9UqaEIhyKpElUGfHkKyNaWNs8YaQ4FtDS65jWFufNdY1oGYBoAonHJNlvF/AR3nF7nOLAS4v4W9Xlrw81ftHK9VIiqDcj2ZvBkQsrE4vjPlEh5cx14kmrvKjjONcWNPEKNOR7N5XmYxeEYcQKEiMkx4jHySTQ8VVoFNKCKOJrGtYxoaxjQxjGgNa1jRRrQBmAAAokcFIU0qiEhMIUzgo3BERuCjIUxTHBUQuaoipyo3BBCQtOwhZ1MVpWIIN/c3ml9pvyW0sfc2PIk9v9IWwsVoIQhQCzsufRD22/mtFUMt/Qn2m/NIMCU4Kk8q3KcFSeVtk9hTy+lAMXHMM2AzkniGbHpHGQoWlAPnG/ZS/jhQWQXdHxKeL3KOo96jBTwUU8B3KNU96WjuUap700FKCoFo7lGodpF12k3UO0lqiqBLrtJuodpFHaTdQ7SdVIiGXXaTdQ7SQtdpN1DtKRIUVEWu0m6h2kha7SbqHaUhSKiEtdpN1DtJjmu0m6h2lOUxyIrlrtJuodpNLX8rdQ7SnITCgr1NaEY0qCMQQKV9WcdfrSOT3+k32XH8PekKohpitGx5lQpitCyZkI6Dc56En2n6WrXWVudHm3/aH8LVqrFaCEIUAqGW/oHetv4gr6o5bH/Hf/T+MJBzchwVFxViVhA8l3ucL4HxB6yVRdf5WH3OH5lbZTAoB8437OT8cXcoW3/q/wByeGuqDVuAIpdPGR09CottcngqqL2k3VO0pBe0hqHaUFgFKHKAXtIah2k6jtIdmdpFT1RVQgO0h2Z20tHaY7M7aCaqKqGjtIdmdtKA7THZHbQSoqo6O029kdtF12m3sjtqB9UiZddpt7I7aS67Tb2R21Q4ppSFrtJvZHbTSHaTezO2iAphQQ7Sb2Z20wh2k3sztoI3+mPYf+JiQpXMdUG83AOH0Z4y06f1fimOa/SZ2bttUIc60LJmWYWyaTPfE7bV2ywucPKkdTjbGODaffi4e5wSkdRue+id9q74ABaizdz7QIaAAAPcABgAMFpLFaCEIUAqWWfoJPUPxBXVUysPMS+wUHKSnBUXFXJDgqEhXRk8FOBULXJ4cgmBTgVCCnAoJg5ODlCHJwKgmqlqoQU4FBKClqog5ODkElUtVHeS1RT0hKbVFUCphSkppKIQphTiquUT5mXEjzb8RWo8k5kExTSquR4y2zxg3q+XW/W99K/PXFWiqIyr9lzKgVfs2ZSkdLkL6Ee075rQVDIn0DfW78RV9YrQQhCAVXKg8xL9m75K0orTHfY9ua81za8lQg4qU4LOlK0rVG5lWuFCP/qhZcpXRkBykDlXBTgUFgOTwVXDk8OQThyR8rW+k4N9ZATQ5YG6S1SskY2NrHN4O8S4OJvFxHERyBBv+GRc4zWCUWuPTZrBcR4baNCPqftJRbbRoR6r9pTYrt/C49NusEvhcem3WC4jw606Eeq/aR4dadCPVftJsHceGR6bdYI8Ni5xmsFw/hlo0I9V+0jwy0aEfU/aTYO58Oi5xmsEnh0XOM1guH8LtGhH1P2keF2jQj6n7SbB3kVoY/0XNdTPQgp9Vym5ueV1oAe1gaWSVIDq4NqM56F1CBSobXEXxvYHFhc0tEjQC5hIwcAcCRnUtUIiGzRFjGsc98rm3qyyBjXuJcTiGAAUrTNmATygpCqGHOr9mzKgc60LI0kUGJOClI6bIv0DP6vxlXlXsEVyJjeQY+utSrCw0EIQgEhSoQULZk9ko8oe/jWa7c5F09ZXQUSUQc94txdPWUo3ORdPWVv0RRNGCNzsXT1lL4vRdPWVu3UtE0YXi/F09ZVS2bnIi4YV8mmOPGV1FEhag5Hxai0Uvi1ForrLiLiDlPFqLRR4txaK6y4i4g5Txbi0Uvi3Fo/BdVcRcQct4uRaKPFyLRXU3EXEHOWXc/E14NKYHEYcSu/sSPp6ytYNS0QZH7Di6dYpHZDjpx6zls0RRBjDIMfTrOR+wYunrK2QEUTRi/sCLp6yrVlyXHGagY8pqStBFECMGCcgIQCEIQCEIQCEIQCEIQCEIQCEIQCEIQCEIQCEIQCEIQCEIQCEIQCEIQCEIQCEIQCEIQCEIQCEIQCEIQCEIQCEIQCEIQCEIQCEIQCEIQCEIQCEIQCEIQCEIQCEIQCEIQf/2Q==', 3, 1, 4, NULL, '25000.00', 3, 1, 5, 'Цветной лазерный принтер'),
(4, 'Проектор конференц-зала', '/9j/4AAQSkZJRgABAQAAAQABAAD/2wCEAAkGBxMTEhUSEhIWFRUWFhcVFxgYFxUWGBUXFRUWFhYWGBgYHSggGBolGxUVIjEhJSkrLi4uGB8zODMtNygtLisBCgoKDg0OFQ8PFS0dFRkrKy0tLSsrLSstKy0tLS0rLSstKystKy0rKysrLSstOCsrLSsrKy0tLS0tNy03LS03Lf/AABEIAL8BCAMBIgACEQEDEQH/xAAcAAEAAQUBAQAAAAAAAAAAAAAAAgEDBAUHCAb/xABGEAABAwEEBQoEAwYEBQUAAAABAAIRAwQSITEFQVFhcQYTIjJCgZGhsdEHUsHwM2JyFCOSsuHxCEOCohVzo8LiFhckU2P/xAAYAQEBAQEBAAAAAAAAAAAAAAAAAQIDBP/EAB4RAQEBAQACAgMAAAAAAAAAAAABEQISMRMhA0Fh/9oADAMBAAIRAxEAPwDuKIiAiIgIiICIiAiIgIiICIiAiIgIiICIiAiIgIiICIiAiIgIiICIiAiIgIiICIiAiIgIiICLD0jpOlQbeq1GsGqczwAxPcvhtO/EbNtmbH534nubkO+eCDoVWq1olzg0bSQB4lae1crLFT61oYf0y/8AlBXFNK6eqVTeqVHPO8kxwGQ7lpqtoJVwd4HL6wzHOkb7j/oFsLLynsdTq2mnwLgw+DoXnKVJtVw1lMHp+nUDhLSCNoII8lNeZbPpKowyxxadoJB8lubHy5ttPK0VD+oh/wDPKYPQKLjVj+Klpb12038WkHxaQPJbyx/FimfxLORva8HycB6qYOkovkbJ8RrC/rOfT/Uwn+S8tzZeUdkqdS00juLw0+DoKDaooseCJBBG0YqSAiIgIiICIiAiIgIiICIiAiIgIiICLUaZ5SWazTzlQF3yN6TvDV3wue6f+I9V8to/um7Ri8/6uz3Y70HSdLaboWcTWqBp1NzceDRj3rn+nviQ8y2zjmx8xhzz3ZN8+K5zbNJucSSSScSSZJO0nWte+sSrg3Fu0y6o4uc8uccySST3laypXJ1rHlFRcRQBVbyCSKgcqygpCKqIIgKqFUQVBKkKrhrUSVYqWkZNxPkg2Nm0nVpmWPc07WktPkt1Y+Xdtp5Wiof1EVP5wV8g6iSYfnscbg24E4KvMNMc2ag3SCO6D0jugJg6VY/itaW9dtJ43tLT4tMeS3tj+LNM/iWcjex4d5OA9VxdzHtB/eCQYh7SDr2AbPNGOqnKne/STPhCg9B2P4jWF/We+n+phP8AJeW6snKOyVOpaaROy+0HwMFeYf2sgwWvaeHtishtodtPeCPIpg9UtcDiDIVV5fsulqtPFj3MP5XFp8it3Y+X9up5Wh5/Vdqfzgpg9CouL2P4t2lv4jKTx+lzT4h0eS3dj+MFE/i2dzf0Pa/ydd9VB01F8zojl7YLQQ1tcMcezU/dmTqBPRJ3Ar6YFAREQEWq5TacZY7O60VASGkAAay4wBOob1xzlF8TK9eWtdzbPlYcx+Z2Z8huQda03yts1mkOffeOwyCRxOTe/Fc65QfEOvVlrDzTNjT0jxfn4Qub19NkrGdb5zKuDc2rSROvNYYL35AngsenbXAQHmNkyPA4LKpaTcBBhw3/AE/sqIOoPHZOGzEeIVqVk0rY2ZLf5fo0HzV2taQ4jpMgbWOJ7yQZ8UGECqytq+xUy0GcdrA4jwkgeIWJ+ytJgPjiWecOkeCaMWUlSrU7pi8Hb2mQraCUqQVtUdUjjs1oLkqJq7P6K0ZOfgPqfvvUoQTvqt9QhEFX072by0cJ85V2jZ6cReHdh5OifFWJS+gyOaeRdvOun8znN24hs+isvbBIN12EYiYnWIjFRvK4LQfmPfDvVBbqseIvh2GUyCNt0OyVBSLiQBDc7xDb2rWP7K8a2EFoIzgSMeAMeShUqk4ZDYEExUDcGZ63HM+PqrRKokoCoSouerFSsgnUqLFqVFCpVWLWrwgyHWstxldR+BfK60VLUbE4l1DmnPAcZ5ssLYuTk0zBb34YzxqXPMDHcurf4fLKP26q4Nv3aDgakw1hL6cBvzEicd2qcZR6EREUHyfxVZOi7T+8dTgMcHNEmW1GENIkdEmAdxK81srEkAta8n5CCT0ro6BxBnVvG0L1Ly2E6PtfTFP9xVN8iQ0BhJJABMROQleVHUiHNdzRAzD6RN4kOBvAAiCOAxAVgyKvNgw9ppkGCHNcwg7IMYqP7M09V/oVWm8H9oLLUGthp/8AkNHO1AH3mtpkBzmvkC9BAOMkhYdlBM4NqZYt6LhxyKujKNmeMoPf7qN54zBVOcA7T2fqEjzz8VeZWfqLHd5afDEeaCDLWVeba1B1X56Z8L3m1RaKbsj4H6FBlU7UMwYKvOr3sSSeJlYBsmx3iqGg8ap4FBsJVS6FrDVcMwRxU6drhBn4nd6/0UmNAy/v7rFZawslgLshKCzUt1MOuzJxwGMQCY2Thks1rAZuua4AwS0g4jzWv/4Mxrg4AtIIOBOozkVKxaJcypfFYgHMBoJO4yYPFBmQhYrz2Nae1UOrnObuD/SAJ7zCvUdDmA5j2v2sm7jPZcJHcR3piawC1RhbZ1KzDCpUNJ2x7msPng7iJWvtYpCDSq84CSDujXORxw8UVYIVFS8hKCqSoyqFyCd5W31lZq1livqoL1SssZ71aqVFjGo5zg1kknZmfYIJVrTsUqdliTUiQJIMw2cr8a9jRidyu02BgDiZdMBwxJOyltOrnDgNU4E0IJMECRjcPUpDW6odbuO6flUFIyABh2TRg+rsmOozd65jrP8Ah7ozaq74vFtG7eb+HTvPaebHzE3Zn8pzmVycYyZcQ7Cf8yucoaOyycPfIdk/w90xzlqOMtZTbDfwmAueS2e07ojHHXnMkO1IiKDF0rSvUKrRdl1N7emAWYtI6QObdo2LyBaqIGPNuxvAvY6Wu6OQwMZ7R1hgNfshwkQcZXj7S9AU6zmuBpubUc0lhDqTYJabuJkTIwOUKwZFOs6obQRVo1yWSX2joPEmS6kxz+nVO5rjwla2g3EyzZjTMnvAP0WysVN1VtYilTtMU2uLiTT5kGBewhpecrpJxGRWroC6ZLXUxHWaZafGRHegy2VNTavc8Y+UeiOpnXSad7DB+hVQ4uGDqdQfmEe6gWAZ03s3sMjwEgKheaO29m5ww88T4q4WuOfN1B4Hz90p1CerVDtzhj3keyqaPzUe9h9oPkghgM21GcJI+oU2VSerUadxH1HsqsA7NVzTseJ9ipVKDzmxlThE+fuqhzjtbJ3tIPsVbdVZrw4iD54qLg1uYfT8Y8TIUalcgSHX5waIzOsnHEBBcFUMx6MaiZx4ayp/+pHNwbHcwfUrFo6Je83qjgD4+izG6Ib8w8EEW6evdb0j0lXWWsnFjg7dke4Yg8AZ3LHq6H2QfI/fmtbVs7mHCQfuQUG6GlJw16xrHEI21CZGC1tK1h+FRoc4ZTr3B2BB3TCqwsOT3N3OAd54R5oNpWtHOC683wMg7pRwnJA5a/mnarruDo/nA9VF1RzesHN3lpjxyUVspQla9tr3g94Q28bR4hBmuqLHqVlYNqB1jxVtz0E31FYqVIxUalQDNKFmL4c6Q0mGgYueRmGj1ccBvyQWmMNScmtGLicm7J2nYBiVm3QwXGtJcR1Tg52u9VPYbruA7ycFU1NTLou4l2bKXD56h+bPZlKsiIGDrrjgP8yuZ17Gz9k4iCpdm6/lg6rGA/JSbhjHDuGJqGZNux2hTJyw/ErOw1asO4Z1Ezm28wYn/LoAnJo7T/HHacRSMAIJDsQ0np1dfOVTPRZmYn6uUCdck3uiXAdOrquUhHRZqmO7srtv+HpnRteJEcyLrfwm/imAZ6T/AJj+nEyuJ3td4meiXNGLtXNURGDcYmPY93/w/tizWnGIqtFxvUZDJwPaeZxO4IOqoiIC8ncs6PM260Mh1GLRUutm9TjnHXTN4YQW7czlEL1ivLfxUpczpO1NAfSD6nOAHFrw8BxeNoLi7bEkakHztJ9PHnabahLQGFlRtItIPXcC2XmBkC3vWNRIa/tUzES7FvDUqPaSSLtN2JwaYPcBn4KNnddcAC5h+V2LTxy9FRnlhOJYx+9ph309VRrmtOLqlPaDiO4kfVU5rbSHGm6PLCfBSp1IwFUg7Kjf7Kje1nUKlM3W06lQGWX5b0cJa5wI6UTHSjDVko2jRNJoe5r6jGsbfBbNRrgIkAOaGg3iABfJ2rUijOJpNO9hg/Qq7TcBlUc07Hj+xVxnVyg4uGD2PGxwg/VZDLONdJzd7Dh4D2RlAnEsY/e0wfp6rMoU2t7T6f6sR5+6sZtQp0AcG1Z3OGPl7K7S0OHG/GWA3xmfGfuI2TKTrpJLHgDAxiDqIHGFvbFYIAEZABaxnyx8lU0S7VKw61jeDAEkrp1HRU6lKhoAEvdGWA7lZwz8rlrqLmiXHyVh5bUF12YydGI2A7RuzGrYetHkWKjssMvc+Kl/7WtdiDdOo5Ql5k91fP8Ajgltsxa4giCPsEHZvVGvkYjpDuJA15ZhdV5U8iXMJaQC5vVIwvCJy3ieBG9fAWnRBYZGrFTx1fkjAo1DqPjh7q+2s4ajxH9MVbfQIOUg47/LFUw+Yg7D7HFZsdJVx1Vjus1pO8CfHreatVLNTOUt4dIeBxHiVLpbnDw8v6q28DWwjh/44KNMZ9IfMD4j1jyRtnceqPAj3UKhE61fpXSMnPOoYxO+NSgrZ7M0EucQ8jVJuN2Go7/tbiVOrWkXi4hhwLoAfUjssaMGs3ZDXJgKABJDXAOPZpM6oO1133naQpscZJDgXCL1TsUhqbTAzOyO7aoDhiAWCRi2l2WD56pOvj3wMCvDF1444Pqxi7/86Q1CNeGGwYGIiAIdddiG/wCZWM4F0ZNn+kmSKl2uRIwLx1KQxhlMa3Z4jedrlBUt1XQCMQw9SkPnqntOywO4Rk1Die069jsfWO0/LTw8t3RoBk27h1gwn/qVjwOA36p6RuOOLrxiRg6qcrrflpj6dwCQdjM/lLmj/pUR34u37+l6K+C+i6tmsJFcCmatQ1G0tdNlxjQHfmN2TO7gucfC7k0yq91ofD303BjWgdCkYvdHaQCMdpOvFdz0To+6JKDbIgRAWj5XcmqNuoOpVGtLomm8iSx2oznByI2LeIg8mcoeTbrM9zK9B9EgxJBDHb2OPRcOC1IshHVfLfldlw1jyXrvSFiNRpbOBzBxB4hfAaX+GVmqEnmWtOc05p564b0T3hBwa5HYc3ewyPAeyu06hOAqNd+V49f7LomkvhdUbjRrHhUbP+5sR/CvmrfyTtdPr2fnANbIf4N63ktDSNpgZ03N30zI8B7LKoPJwFRrtzxB++5WRRDTd6dN2wyI/wBLsQspjXHO48bxB+q1GGTRs410iN9M/Qey21ibqbVH6XgT9PRayzgDU+nwN5v1C3dicXDrMqDYRB+q1HPpsqdi6JJY0YdZpEZhfUWKygxB9VorJTbEFjmSIwkt78wF9JofFo3YHiNq6T043W5sdmbBWdY7I2XDb9VasoWwptyIzCXrEnOsyz2cDUrrngBY9SuAJJXxfKrlaykCAZO4hcZNv3Xp8sn1E+VOkQXyIgfTFcu5V2prXuAiDJ1d/wB71b0hylfUeXTGzFfJ8orU511xOsj6rr556cZ+Hbt/bGtVrB7jq3qnOEjMEb8PJa2m444x/dZT33QCQBjmIx8Fyt16OZi7A+Uj9OX+3BRJGp/jj6QrbnCb0xwGerHxCvVZIxDXfe9ZbYdQmcwshpN0y8AQZgSTuCxqgx6qyKTTGDADHWMQ3figi2A2YNNhwJzfUGwbvLbOAV0tMgXRIxbT7FMa3VCcztnvwwUKJxJDpcOtVdMMH5ZxLthz2AZo0CAIN1xkM7dY6nOjJv2JMuUEi7Am8SHYOf2qh+SmNTchPjqakmcgC0YDsURtd8z923fgKF5kukAjAvHVpjUymBm7PLfvcq06RJaxrJObaeefbqbTu+mBgASAIJvGQ3tVT87z2Wbv6ldM5HfDrnGF9qvB72wA03Sxu7Do4YRHsNh8P+QdwitXF6qYOPZ3nfsGrjEdg0bo4MGSDWckOSdCxUubosugm8ZJcXOgCSTuA3YL6UIiAiIgIiICIiC2+i05hYdo0TTdqWwQoPldJck6VQQ5jXjY5ocPNfJ6S+GtEyWNdTP5HGP4XSPCF1SFQtWtSxwy08iLRTP7t7XjY4Fh+oPksN1gq0/xaDh+YCR/E2Y8V3mpZmnMLCraIYdULUrF5cisFcdl5HHpD3W/sNrukEkQ7WNTtXCQvprdyVpvxLGk7Yg+IxXxem+TlupvLaFHnaTsum1paMOtfIMg6xK3OnO8PqGaTa0Yn7+/7pU5W02iLwlck0rpW00qps1pBpvHVOqq05OacifX0wX2gjGfv7+izbrpzxjoWn+U1R4Nx0ehXOdLW97ib4LvA+qlU0oYg/e1a20VpWW8RbVJ1QFh6cd0W8foslpWr0vVlwaNXqUMY1Bkgm7eyEY8dXBZbWtIi8R+Vwn2KtNY0Q1xLYxnUSc9WMLMF4iJY8b8PdRVsUiBAa1w4+6hUu7HN8Y88FNzQM2OZvGIHhIVJw6NQEb/AHQYLiJzPkshl2IlzjqaNfGMVafM9lXwTdMuDRrjEncMkCDIBALh1aYi43a5+rxPExga38yXGDg+prefkpzq+zhAUGAXYukMOTe3VM4CflnYI4lZNistSpUDKYvVDh0RLaWxrBrdnjx3lQRoUXue1jGS/JjBiKU6ztecMPrAHYfh7yDFGKlQXqpxJON0n1d6eJOVyA5CNs4DnC9VOZzuznB27+4b+qWGxBgyUENH2AMGSz0RAREQEREBERAREQEREFEVUQUVIUkQRDULQpIg0XKfknZbdSNK0U5GbXDB7Dta7V6FcV5T/DTSFkJdRBtlAZFn4zR+anm7/TK9Domjx7XtAa4teCxwza8FpHEFWv2pvzDux9F7Br2Sm/r02u/U0O9QrP8AwmhEcxSj/ls9ldHkehzlU3aFN1R2xoLo3m7KwqtA0nRUa9r9d5pYROwOEzvhexHaLpRAYANgAA8lq9I8lqNVpa5jXA6nAOHgU0eUqDyBDXYbHD6j2VwtGun3sPtj5Luml/hJZXyW0jTO2m4t/wBplvkvjdKfCmvTk0awdsbUaWn+Nsg/whNHPmPGTahB2OE+yVWuObGu3jPzW60hybtlKedsz3N2tAqjj0ZIHEBafmmGQJaRnBOHcclRgVGY9Q+avsYYwYB+Z2MeKuOsZ/8AsK2GidBurvFNt6o46pgAay4jIKDB0To+paKgZRvOc7Bz9fBs5YazqzgLunIPkQyztGALz1nbNoHvr3CAMrkTyOZQYAAC49Z0RO4bG/ZXQ7LZgwQAoI2OyBgyWUiICIiAiIgIiICIiAiIgIiICIiAiIgIiICIiAiIgIiICg+kDmFNEGBX0VTdqWh0tyJs9br0mP2XmtJHAkSF9aiDlFq+FFmmRScNwqVY8L2C+g5O8jqdnF2nTDBrzJPFxxd3lfbogs2azhogK8iICIiAiIgIiICIiAiIgIiICIiAiIgIiICIiAiIgIiICIiAiIgIiICIiAiIgIiICIiAiIgIiIP/2Q==', 4, 4, 2, NULL, '45000.00', 5, 1, 6, 'Проектор высокой яркости'),
(5, 'Сервер виртуализации', '/9j/4AAQSkZJRgABAQAAAQABAAD/2wCEAAkGBxITEhUSExMWFhUXGBUVFxYXFhgbGhUXGBUYGBUXFxoZHSkgGBolHRcVITEhJSkrLi4uGB8zODMtNygtLisBCgoKDg0OGxAQGzUmICU3LjMsLTcrNy8rNTUvLzc3Li4tLS83Ly4tNS8rNzcrLS01LS0tLSsrLS0rLS0tLjctLf/AABEIAH0BkgMBIgACEQEDEQH/xAAcAAABBAMBAAAAAAAAAAAAAAAAAgMEBQEGBwj/xABMEAABAwEEBAoFCQQJBAMAAAABAAIRAwQSITEFQVFxBhMiYYGRobHB0QcyQlKSFDNTYnKCouHwc7Kz0hUWIyRDY4PD8XSTo8I0RFT/xAAYAQEBAQEBAAAAAAAAAAAAAAAAAgEDBf/EACgRAQEAAgAEBAYDAAAAAAAAAAABAhEDIVFxEiIxwTJBgbHR8AQFYf/aAAwDAQACEQMRAD8A7ihCEAhCEAhCEAhCEAhCEAhCEAhCEAhCEAhCEAhYc4DEkDeo1TSNIZvHRj3IJSFV1NOUxkHHoA71Gqaed7LAN5J7oQXqFrFTS1Y+1G4DxUapaHuzc47yUG11LSxvrOaN5Ci1NL0R7U7gf+FrMIQXlTTzfZYTvIHdKYdp9/uA9KqkILQcIX/Rdo80ocIj9Efi/JVKEFt/WT/Jd1jyShwkH0T1ToQXQ4SM+jqdSz/WSlrbU+FUiEF4OElHY/4fzShwjobXD7qoUINgHCKz+/2FZHCCzfSjt8lryxCDZRp2zfSt7fJLGmLP9K3rWrXBsCxxTfdHUEG2jSdH6RvWEsW+l9Iz4gtNNBnut6gsGys9xvwhBuotdP32/EEoWhnvN6wtI+Ss9xvUEtlMDACEG7Co3aOtZBWkVKLXZiUj5IzYfid5oN7QtF+TN2u+N/msilsfU/7j/NBvKFoFp022nhxjnHY1xPWZTnBfTNatamtLiGQ8lskzycJJ5yNiDe0IQgEIQgEIQgEIQgEISXvAzIG8oFIUSppKkPbB3Y9yjVNNsGTXHqCC0QqKrpx/ssHSZ8lX1NNWg+y4D6vF+coNtTNS1Mbm9o6QtOfbnu9ZtU7y09zimzaBrZU+B3gg2yppekNZO4HxUapp0eyw9Jjulazfp/XHRVCzxlP3yN7n+KC7qaaqnK6OjzUapbqrs3u6DHcq0VGfS/ib4pYI+l7WeSB9xnPFYTYadT+weCzcf7w+H80C0JF1+1vwnzWYd9XtQKQkS/Y34j/KstLtYHxfkgUiFmEIMIWYRCDEIWHPA29R8Fjjm7ewoFISDWb7w6ws8c33m9Y6ECkIDhtCyEGELMIhAlCUsIMIWUIMIWUIMIWUmrUa0S4gDaSgUsExicAqi16daMKYvHacB1ZnsVLbLc9+L3TsGroAzPagv7Xpqm3BvLPNl1+SpLbpR7/WdDfdGAPNtKhXnHLAdvVq/WCy1gGOvac/1zIG6lUxkR0STuGreepbH6NRetRdrFN+OftMnHLqwWu16d4AYZ6/LI9K3H0c2B7arqt11wsLb59p15uW31TlgEHQEIQgj2+30qDDUrVGU2CAXvcGtBJgCThiTCgU+E9id6tpou+zUYfFUXphZOiq3M6gf/PTHiuDCyk0m1BdLbzmyMXS3O8f1gRtQelbVwnsdMTUr02D6z2jxUClw/0c+RTr8ZBg3GPOO+7BXmZ7GAFxeZvEBjWEuymZwAHSoRIvyARh7WeaD1UeF1I+qOlwc3vamanCacqlJvSPErzQXlrC8QSBrHOm6PCCqGyDEEDkuc3ME6jzIPSh0sX/AOMDuePApdO4cSXHcB4lecW8Ka90O4yrmWxx9XUAdvOpA4W1mhrrz8ZzIdkY9sFB6Na6kPZJ3jycnhVo+63qPkvP1i4VWlwltSMA75uiMy4DJk+yVa1eE9spuLHOkgweU8D8D2rdcts38nbgaBzA63+SXxNm2/iK4Y/h3amMFQNaWmpxXrVvWGfrVHZYKazh/aNk7i0d9Nyxrs4sVA5P/GPEJmtZaA/xPHuC5Ez0jVAYLWzsNZk9QoBS6fpGOukOgg+LUHR6rafslx3gR3plaIz0it10anQ2n4157FJZ6QqGum8bx/LeQbjCwaYOYB6FqtPh/ZCYJI+5W7+KjtUunwzsh/xOvD9+EF4bMw+w34QsfJWe6OpVLeFdkP8AisE7atHu4yVJp6fsxyrMO43v3ZQTvkzdnafNY+Tja743eabp6SpHIk/cfHXCnUNN0W/QzznH8RlA1SsLnerfPOCT34KR/RNUDX8TMFIbwlpnXTO6oE63SwOp3Q4H/wBUFebBU5/wnuSPkVbYfgPgVajSLdYd1NWfl1P9Mb5rObeSn+T1RmPwO80hwePd7R0fn2K9+XU9RA+6fBLp2ynrd1F48U5nJr0v2NP3j5LN53uj4vyy/ULZOMon2+srF6gfdPQFmWcx+K6NdGuGo73D1jzSb/1HdTfArZuLoH2W9RTFoZZ2+xOy6Xf8LMeJjl8N2arXnBuun+EGOpIcKWunzfNnqwGKuH02HKW9Dndqb+Tt+kHSHDwVbNKsiljhH3XCezFJDqXvfidjuxx8Fa/Jx77Ov8kfJT7zD99viniYqhxWqpzD+1PTmcSlBrTlVOOAh4OWoTme1THs1YHtCaNBvutyjIZbNy0Nls5VCNxaZjViCsik76Q9IbjzYDJZNlZ7jcoyGWzcmbTbaVIQSBGTW59Qy6UDzGOES6dvJie3JItVrp04vuDZyBzOBOAzOAKo7Xpx7sGC4NuZ8gqfSLYfSJdeJ5RzJEseMdezrQX1q04TPFNwGJcdQkCY1YkZ7VS2i0Fxl7iTz49Q8khr3QQOSCIORJEg7hiBtQ1oH6x60AxrnENAiSAMpJJgcw6Vd2fQTWte55vOaDg0nAwDDnZnBwMDDeqywfO0/ts/eCurZpVjeMbT5ZfmT6reSGmPe9XPLHWvH/scv5eXFx4X8flLzt+vX5cvrXXh+HVuTXlkBGG9YJXsOTMrqXA4RY6W5x63uK5Yus8GqRbZaLXAg3BIIgiccQgs0IQg1T0qMnRdpHNSPVWpnwXnihDaboYySRy7oviaoDuUMYIJEGRC9IekNk6NtQ/ynHqg+C87WexONEuJbd4wMAxDiS4PGMxEnZk12xduDnhjMvFPWcu/JGct1rqora033QSNxhRqTeVHMfBTrdTAfUDiZblABBIgGTOA5xKge0NxXFa0LHcW4AGYwhQhabQGm80kyImnqxnVuUiiwBpdysATg92oTtSKekmkE3qoiMi05mNYQMPtzrkup0ybxEFmqBih9ubcaTSpmb2EERBGSms0mIvca+JA5TGnEgnUOZK+XgieNYRJHKpHPCdfOECtGVGuaS1gbyQcCT7TwBjuPWtg0y3+3qb/AACpLPUJHI4oyNQLZHbt7VJq1K0y9rZIBM1Hg4gQcW7FUvls7e6bPNL39lfVHJjH58bvX71YMGHSe8qPaXG4GwA01mPJvXuUSAT3KQx2HqO3gt85UqU1sosNYl1QNMtIBaTOA1hIFjbxgIrU5vzBkH1pjLNT7Vo9j33yagOGTJy3DmTH9FMvX+McOVexpOGudaBilYnB4IqUyL0wH8+WSVSsdYOBmRMwKgynelf0Y0Pvccz1r0HDXMJLNEm+HCpTPKvYE7Z2INg4O2e8+k2oJ9eQccmOInbqUYKVwecKLqZfk0umMcw4DvCYazm7vBXdeCdd37RE3472nuhCpfbZTEO5Rc6fXwJmNUDBSA4kCSmmWe4yzSeUS8FuHJhjgMtqkMpmBLT1FQtV2u33KhZdYRhm3HEBKGm3NJAaBBI5JIyPMkW21PZVIbkS2ZbOoKPV0jyiCykYJGLBOaC2fwjqtcW36uBjCvUA6pTzuE9RrovVDEZuDtU+1O1U1otjA9wNFhxicpWbTXpXyDSnLEPcNQQbLZuFFcuhtQg3Q75ujkcsbkqz/rRbGBpcZDhLeU5siSJim9sZLU7E5hfyWkG405zyZwCvNKN5Fn/Zf+7leOMuNvT8oyyssnVcWbhraLzWAAudIaL1YkwJMXqh1JdL0h1iDIcIJGFSmMjAPKouzWm1XltSkQS0gvxBgjknI6lhjBdJ1mo4HoJPiVC2/UfSG/W0nfUYf3aIUhnpG+qOht7/AHGrnrMwqqy2JxxBYZBwvY4jXgg67T9Ig103H7jW/wC8VJZ6RKWumRvd/K0rjlCwVWuBugicYcPNJ+T1wTDXa/aHmg7Yz0jUNd8bhVP+2pdL0hWc+1UG8R+8QuE1+ODzAqRzBx1cydpVKhqMBDg0tMyDnB29CDvDOHdmP+MBvdS/mKcHCuyPPzwJ5gT+6CuL8WBRNQTe425nquXuuVDr1iGuOMgEjHDJVljcdbTjlMvR6BsNvp1nXaRLzsDH4c5luA3p+236Y+aqOOxrHHrMQuAt0jWZAoVarGwJ4upUaC/2iQDnOHQE9T4RaQbla7WP9etHUXKVOr6QtloIMtdTb9lw63EeSp3OA37Na0F2m7VaK1Bte0VaoFWnDXvcQDxgxiYnnzXQA0DJA0Z18kdvkO1IDs7oga3OyPi5O1cjl05Z60zTaXEHP6zsvutQOsyznniOxKASrsZ/n+SwSgIG9YJQsIM6unnyjWpOjtH1a77lJpcdexo2uOoK60BwTqVofUmnTz+s8fVByHOeoroFgsNOiwMptDW82s7ScyecoKbg/wAFqdCHvipV94jBp+qPE47lsKEIBCEIKThw2dH2v9hWPUwnwXmKmDM8bTBBwl75GPNTIXqDhif7jaRdc6aNVpDRJAcwtLonEAGSBjhhK82UqNn+kYdcl1pYewXexdOHPn+PtUZ/vr7KPSjiariTicTzyMVEA5TenuUu13XPfyogGMJvEZDVAO1RAcR0rmtZUfUduPcq6lamFrppNwAyJE4galY2V5ibzum6fBAt9N08tkDO9RJ1xqO5BXsrUSwzSIALcA8nEh0HHp60o/JywfOht44C6cYE9EQrEVKLgfmSMJwLdsat6yKFFwi7TifZqnPqCDOhxT9guIh0AjnErZNLjltO2lRP/iaqOy2drDLGnIjBzSMSJ18wU2tpAvulzSIa1mDScGtgHAnHBVL5bO3umzzSq6tWN2syeTxtJ8a5AZBnpUuzjk9aiWtzRTqmHXnupkEse27F0EY5gx+tckV6bJa6o0OBIIJGBGB14qVKrSdCs6qeLJwDcA+PEJD6dqDyRfu3veBwnenNJ2Djn3mVKeQHreQTdXRVe+XNIgmcHwgH2i1CpH9pdve57M7Y2JLtIVg+COTeiSzVO3clPstqFQkX7t6cH6p2A7FlzrWH5VLt7ZPJndsQXOhLEy0OY1waLzy2QwHJxAw6FhtmaNQ6BHcVO4KPca1Evz4w5iMLxA7ITJCuyeCX/b7Jl81nb3V7rt2hUGbjVBbeJLIa9uM5TmEsDY54zyIPeCmKDCKdEkQC+qAfejjAd8YKUMuk95UKRq2kBTN01XzgcWg5/ZAWH6QbJBqswzDqR77yg6T4rjDxgfMNgtjZzpFop2cudNR4M48me5BZPqsmDxBPOA3wKHUmOONKiTzPM9wVdabLSL3TXAOEgsIjAa5RarAC752nMNwJg4AcyC0awNMtpGYDeS5pwGXrOUmpbXPDA5ruQC0RdyvE4wTjioGj7IWvDpaRxd3kmcb0zuV/pGk0UrOQ1oJY8kwJJ4w4k6yrxl1dfvNNs3FXSqNFRjyH8gkxddjIjOE01zbkucGA1KpE7AeeE9xl2rRlt4FxvNmLwukxO9NtcQHEGBfcANnKx7LvUoUGFmYqtPNOPkq2loh8k3qZkOHrHWOdqsmuJOOPQqilbw4maNM4EzdGroQOUNFVWuBhsTjDm+aQLFaATDXa8nA9xS6FvY4hvFAThg4juhZbb6Xu1BH+Y7xcgTXpWgPMNqxqwdGSdp1KnGNBvBt0kgg547UVLYwEi/UBG494KdZaJIaKrySJAIGXwhBZv/8Ai/65/hBVdr+bf9k9yfbQqXS+9Db12bmu6DHrjGEl96DeLSNd6n4klXnlvXZGGOtm65IIvaw3Ezg2CW5xqjmTQrYE7MftYwI/WtPOmcYyb1auxZAzxGH6wULOWD5+j+0pfxAuoFcv0f8AP0f2tL+IF1InZ1/rJAMoXjdjPUYxjHXuSS7Z+ay1xBkEg7Rz5pCDNWmWmDsaehzQ4dhCzUDYbGeM4zrw1CN2O9ZpgXgHkgSJOsNwx6lc6A4MVbRD3cil7xGLvsDxy3oKix2OpVeGU2lzjqGrnJyA5yt+4P8ABGnRh9WKlTMD2GHmB9Y856ld6M0bSoMuU2wNZ1uO1x1lS0AhCEAhCEAhCEEPTImz1h/lVP3CuP0tGmqK7KlN1QuvOZfpQxjRUr8WGOYWvg8XTxBye2MHY9otNG+xzDk5pb1iFy6z+jW30aYp07ZZ3taIbfs5aW4kiCHOOBJImYKDi+nqIZaKrG+q1z2jcHOAx3AKqIxbiM9WMYHNdWrehnSDiWl1kum5y+MqktDZmBxQmQcuYYq1sXoGaBNS2kujAMohrQ7UTLyXDmwQcnsowO7wVZQNEhwLXg3eVBGOIynnhdqtHoZtDQeLtNF2BgPpOZJ1AuDnRvhappn0aW6z3ZsbKodImg6o+Ij1opi707EGh0mUCx0OqAS2ZAO2MulZ+T0jTgVsL2ZYc4yzV/V4KVm8k2G0CYENBknVAOKLRwNrtbddY7awTPzD3YxGbWkIIGh6IaRD2uEPGEziWd0doWyaSpNBpwAJpUTgAMTTEnrUGz8FrRQONC04Xs7PU13Zxa0j2VNt73m4XU3Mu06bOWHN9VsTiFUs8NTfWKK31v7K0NImHUy10+qLrSQBrmexTWk445HwChW5jeKtDy4Sbl0AzOQdMZalOYw4nado2BSpT6Yt7mPuhjHC6DymzmT5KNV0kxriOJpmNYEdyl6U48PmkHeqAYEjMqNardXDiLsjD1mDZuQLqaQph5bxbhBiW1XjXnEpw6SphxZNUEG7N6dce0VEtFvAeRxVIic7mPWEV7XSvkGi0w6JDnDXnggvrFQfVIDHvJLrgB4vEh0Z3QlllQe2Olk9zgpXBJw46ldEDjgImcb+JxRVHKdvPeq15dp3z0gV70US6OLvvulrS0SGuvxjGeacFR2RZTO55n90KNRqEspNLiQK1SGnIXjUBIGqYx3KQBnvPeVKke02RjzL6DydrXt8XeCYraNokkllYE9P7oKY0lZnvq8hwENbgXQUitZrVeJbeicIeD2SgfraOpOJcX1Gztpkd8Juto+m90i0MyAg4ZCNpWLTWtTXG6HxhHJnVuRadKV2mIwges05wJ7UE6w2EseHXmuAZc5JOd6diu7dXa+nRa3NjXNdqxvuPStesVobVeGup0zyL03RneiMVcV9GMpspuhp4wOdAaBEPLYkHHJXjvV1+803W5tGqWYuq0dQvOvO2AtIzxSAOS4DGKtQYcxGO5O0qDTUp08i8loJqPAEAnHHmTNN0NgOc0tfUxbBmXQJkHYetQphuapbNbs2llMgNdiWCcBtV6alQ4CrPM5hPc4JltonAOoOP2QP5kFXZraxzgOJYCTmMI6khtegTjSIzye7zVu1mviaJ52ujuaE0bJT/wDzH7rx4vQV9oNnvkEVQZxgtjtCk0KdIVG3S68G4TEXegJdWx0SZNOqCdknuBWWUKTXB4LwQLsOYQI3wEFpXH90H7d38JqprWP7N24qc7SNM0hSvNEVC+bwxloER0KNXphzXBr2mRAxPkunEyl1rpEYSze+tPU2uqPa2RJDGyeSAAIEk7AM0unYnk1AGyaYcXQRhdMHXjry1AlMVGiQGmBDZMTjHKw14p2jTpl0PfAjMN17IXNbGjfn6P7Wn/EaupFcvsIAtNIAyOOpwYiRxggxqXUCgwl2ezvqODGNLnHIDP8AIc6tNB8H6tpMjk09byOxo9o9i6FonRNKztu024nNxxc7efDJBS6G4JgEVbTD3w2Gey2AAJ94wBzb81tCEIBCEIBCEIBCEIBCEIBCEIBCEIBCEIBCEIMEJBot90dQTiEEOpoyi4yabSVVWzgTYKri51mp3jiXXGyTtJiSthQg0q0+i/RzsqbmnmqVB2NcAoFf0TWY+rWqt3O8X3l0RCDlVb0Qj2bQ4/buu7BTHeqy0+iCrqex3+gzvNXwXaEIOGN9GluouDqRpghwcJFTAgzMNY8KLX4CW4SSGE54Oc2f+6xq76hNjzjU4HWy4ykyg0ltV1Qu4+zkw4GRg/aclAq6HrMm9RrtxOdB4Ge2IXpxzQcCAd6ju0fROdJnwN8kHkrS2ijUfPGMbgBDpBw6FHr6GrFznNLcTOD/APhetq2haDvWZ+Jw7iqy08CLC/Oiz4GE9bmkoPLtosdqvktvxhEO5hqBWbVVtTXYcYBA9nCYxzC9IV/RnYXZMjdI/hlqg1fRTZvZe9u5z+9zndyDg+jrVUc8Nd9HeOHtXo7lselPmbN9h/8AFcuiWj0Sz6tof95zXdgpt71Areie0QALReiYBotwkyYJrYDoVY5alnX8ps3ZXLrS2alERPKdht5BwS2/N/6tTvat+rejK3Me17DRcWkkEmq0iRBgMpuGR2qrtnAC302S6kKk1HvIpvggOgieNa3WDlKlTVG5hUdmsrDJ41oMOkEERIxxW4V9BWhmdnrg8zC/tYFr79AFhJc5zJBHLpObnvKCBZdHEODhUpOAOp35IOj7QJumdzx5hPUNDw4FtWm6DOZ8k1/Q1YEkXdeTx5oFWhlpDiWh8aox7BKfs1StfaHBwbdxlpHKx1wo9osdpvEtD41Q4x2FP2d1XjGhwcBdxkECUF0aIFn43G8apZmYgUwctqrLVUhrnRMCYMHwVtWP9zb+3d/DCpbb82/cV04kk1rpEYXe+9W1h0OyowObabMwkDkPqNpkGJdgcIkkdCfbwVtJxZxNT7Foounqcq+xaPfUaLoM3HOgCeSxoJOGs3h2JyroSqJlpwgYsIzaHDVsPYVHJRFksr2WqjTc0h/HUhdzMmqAAImccMF6A0DwPyqWjeKf8517h+S4NwdYW26xNOq12YYf9RTXqtY1hjQAABAGAAyA5llCEAhCEAhCEAhCEAhCEAhCEAhCEAhCEAhCEAhCEAhCEAhCEAhCEAhCEAhCEAhCEAhCEAhCEAhCEAhCEGHNBzAO9MOsVI502fCFIQgrLRwesr/XoMdvCq6/o/0a7/61MfZYwdsLZ0INGtHor0c7Jjgf2lTua4BV9o9EFmIhtWq3mB/nvLpKEHJj6G2ibtoqTzuYewUx3qutXofr4xXDhsNCn2u47HqXakIPM2nNH1bBXNne8XhTzEsN2o27GEiBdEY5jmTVDTdZpBLnGHMdjUYZutuxiNYzXpmvZmPwexrvtNB71V2jgnYH4usdnJ28UwHrAlB520BRe63WN4l02yzg4YkirTe50DCIDjhlC9RKm0RwVsVmqGrQs7GPIu3hJIGsNkm6DhMRMCcgrlAIQhAIQhAIQhAIQhAIQhAIQhB//9k=', 5, 3, 1, NULL, '200000.00', 5, 1, 7, 'Основной сервер колледжа');

-- --------------------------------------------------------

--
-- Структура таблицы `equipment_responsible_history`
--

CREATE TABLE `equipment_responsible_history` (
  `id` int NOT NULL,
  `equipment_id` int NOT NULL,
  `responsible_user_id` int NOT NULL,
  `assigned_at` timestamp NULL DEFAULT CURRENT_TIMESTAMP,
  `assigned_by_user_id` int DEFAULT NULL,
  `comment` text
) ENGINE=InnoDB DEFAULT CHARSET=utf8mb4 COLLATE=utf8mb4_0900_ai_ci;

--
-- Дамп данных таблицы `equipment_responsible_history`
--

INSERT INTO `equipment_responsible_history` (`id`, `equipment_id`, `responsible_user_id`, `assigned_at`, `assigned_by_user_id`, `comment`) VALUES
(1, 1, 5, '2026-01-23 16:28:11', 1, 'Первоначальное закрепление'),
(2, 1, 2, '2026-01-22 16:28:11', 1, 'Передача преподавателю'),
(3, 2, 5, '2026-01-27 16:28:11', 1, 'Первоначальное закрепление'),
(4, 2, 3, '2026-01-27 16:28:11', 1, 'Передача зав. лабораторией');

-- --------------------------------------------------------

--
-- Структура таблицы `equipment_room_history`
--

CREATE TABLE `equipment_room_history` (
  `id` int NOT NULL,
  `equipment_id` int NOT NULL,
  `room_id` int NOT NULL,
  `moved_at` timestamp NULL DEFAULT CURRENT_TIMESTAMP,
  `moved_by_user_id` int DEFAULT NULL,
  `comment` text
) ENGINE=InnoDB DEFAULT CHARSET=utf8mb4 COLLATE=utf8mb4_0900_ai_ci;

--
-- Дамп данных таблицы `equipment_room_history`
--

INSERT INTO `equipment_room_history` (`id`, `equipment_id`, `room_id`, `moved_at`, `moved_by_user_id`, `comment`) VALUES
(1, 1, 5, '2026-01-24 16:28:11', 1, 'Первоначальное поступление на склад'),
(2, 1, 1, '2026-01-25 16:28:11', 1, 'Передача в компьютерный класс'),
(3, 2, 5, '2026-01-27 16:28:11', 1, 'Первоначальное поступление на склад'),
(4, 2, 2, '2026-01-27 16:28:11', 3, 'Установка в лабораторию робототехники');

-- --------------------------------------------------------

--
-- Структура таблицы `equipment_software`
--

CREATE TABLE `equipment_software` (
  `id` int NOT NULL,
  `equipment_id` int NOT NULL,
  `software_id` int NOT NULL
) ENGINE=InnoDB DEFAULT CHARSET=utf8mb4 COLLATE=utf8mb4_0900_ai_ci;

--
-- Дамп данных таблицы `equipment_software`
--

INSERT INTO `equipment_software` (`id`, `equipment_id`, `software_id`) VALUES
(1, 1, 1),
(2, 1, 2),
(3, 1, 7),
(4, 2, 1),
(5, 2, 5),
(6, 2, 6);

-- --------------------------------------------------------

--
-- Структура таблицы `equipment_types`
--

CREATE TABLE `equipment_types` (
  `id` int NOT NULL,
  `name` varchar(100) NOT NULL
) ENGINE=InnoDB DEFAULT CHARSET=utf8mb4 COLLATE=utf8mb4_0900_ai_ci;

--
-- Дамп данных таблицы `equipment_types`
--

INSERT INTO `equipment_types` (`id`, `name`) VALUES
(1, 'Монитор'),
(6, 'МФУ'),
(4, 'Ноутбук'),
(3, 'Принтер'),
(7, 'Проектор'),
(5, 'Сервер'),
(2, 'Системный блок');

-- --------------------------------------------------------

--
-- Структура таблицы `inventories`
--

CREATE TABLE `inventories` (
  `id` int NOT NULL,
  `name` varchar(200) NOT NULL,
  `start_date` date NOT NULL,
  `end_date` date NOT NULL,
  `created_by_user_id` int DEFAULT NULL
) ENGINE=InnoDB DEFAULT CHARSET=utf8mb4 COLLATE=utf8mb4_0900_ai_ci;

--
-- Дамп данных таблицы `inventories`
--

INSERT INTO `inventories` (`id`, `name`, `start_date`, `end_date`, `created_by_user_id`) VALUES
(1, 'Ежеквартальная инвентаризация 2023', '2023-03-01', '2023-03-10', 1),
(2, 'Внеплановая проверка серверного оборудования', '2023-05-15', '2023-05-20', 1);

-- --------------------------------------------------------

--
-- Структура таблицы `inventory_checks`
--

CREATE TABLE `inventory_checks` (
  `id` int NOT NULL,
  `inventory_id` int NOT NULL,
  `equipment_id` int NOT NULL,
  `checked_by_user_id` int DEFAULT NULL,
  `checked_at` timestamp NULL DEFAULT CURRENT_TIMESTAMP,
  `comment` text
) ENGINE=InnoDB DEFAULT CHARSET=utf8mb4 COLLATE=utf8mb4_0900_ai_ci;

--
-- Дамп данных таблицы `inventory_checks`
--

INSERT INTO `inventory_checks` (`id`, `inventory_id`, `equipment_id`, `checked_by_user_id`, `checked_at`, `comment`) VALUES
(1, 1, 1, 2, '2026-01-27 16:28:11', 'Оборудование в отличном состоянии'),
(2, 1, 2, 3, '2026-01-27 16:28:11', 'Требуется профилактика'),
(3, 1, 3, 4, '2026-01-27 16:28:11', 'Необходима заправка картриджа'),
(4, 2, 5, 1, '2026-01-27 16:28:11', 'Сервер работает стабильно');

-- --------------------------------------------------------

--
-- Структура таблицы `models`
--

CREATE TABLE `models` (
  `id` int NOT NULL,
  `name` varchar(200) NOT NULL,
  `equipment_type_id` int NOT NULL
) ENGINE=InnoDB DEFAULT CHARSET=utf8mb4 COLLATE=utf8mb4_0900_ai_ci;

--
-- Дамп данных таблицы `models`
--

INSERT INTO `models` (`id`, `name`, `equipment_type_id`) VALUES
(1, 'Lenovo ThinkPad T590', 4),
(2, 'HP EliteBook 840 G7', 4),
(3, 'Dell OptiPlex 7090', 2),
(4, 'ASUS VG279Q', 1),
(5, 'HP LaserJet Pro M404dn', 3),
(6, 'Epson EB-X06', 7),
(7, 'HP ProLiant DL380', 5);

-- --------------------------------------------------------

--
-- Структура таблицы `network_settings`
--

CREATE TABLE `network_settings` (
  `id` int NOT NULL,
  `equipment_id` int NOT NULL,
  `ip_address` varchar(15) NOT NULL,
  `subnet_mask` varchar(15) NOT NULL,
  `default_gateway` varchar(15) DEFAULT NULL,
  `dns_primary` varchar(15) DEFAULT NULL,
  `dns_secondary` varchar(15) DEFAULT NULL,
  `mac_address` varchar(17) DEFAULT NULL
) ENGINE=InnoDB DEFAULT CHARSET=utf8mb4 COLLATE=utf8mb4_0900_ai_ci;

--
-- Дамп данных таблицы `network_settings`
--

INSERT INTO `network_settings` (`id`, `equipment_id`, `ip_address`, `subnet_mask`, `default_gateway`, `dns_primary`, `dns_secondary`, `mac_address`) VALUES
(1, 1, '192.168.1.101', '255.255.255.0', '192.168.1.1', '8.8.8.8', '8.8.4.4', '00:1A:2B:3C:4D:5E'),
(2, 2, '192.168.1.102', '255.255.255.0', '192.168.1.1', '8.8.8.8', '8.8.4.4', '00:1A:2B:3C:4D:5F'),
(3, 5, '192.168.1.10', '255.255.255.0', '192.168.1.1', '8.8.8.8', '8.8.4.4', '00:1A:2B:3C:4D:60');

-- --------------------------------------------------------

--
-- Структура таблицы `rooms`
--

CREATE TABLE `rooms` (
  `id` int NOT NULL,
  `name` varchar(100) NOT NULL,
  `short_name` varchar(20) DEFAULT NULL,
  `responsible_user_id` int DEFAULT NULL,
  `temp_responsible_user_id` int DEFAULT NULL
) ENGINE=InnoDB DEFAULT CHARSET=utf8mb4 COLLATE=utf8mb4_0900_ai_ci;

--
-- Дамп данных таблицы `rooms`
--

INSERT INTO `rooms` (`id`, `name`, `short_name`, `responsible_user_id`, `temp_responsible_user_id`) VALUES
(1, 'Аудитория 101 - Компьютерный класс', 'А-101', 2, NULL),
(2, 'Аудитория 205 - Лаборатория робототехники', 'А-205', 3, NULL),
(3, 'Аудитория 310 - Серверная', 'А-310', 1, NULL),
(4, 'Аудитория 115 - Мультимедийный класс', 'А-115', 2, NULL),
(5, 'Склад оборудования', 'СКЛ', 5, NULL);

-- --------------------------------------------------------

--
-- Структура таблицы `software`
--

CREATE TABLE `software` (
  `id` int NOT NULL,
  `name` varchar(200) NOT NULL,
  `developer_id` int NOT NULL,
  `version` varchar(50) DEFAULT NULL
) ENGINE=InnoDB DEFAULT CHARSET=utf8mb4 COLLATE=utf8mb4_0900_ai_ci;

--
-- Дамп данных таблицы `software`
--

INSERT INTO `software` (`id`, `name`, `developer_id`, `version`) VALUES
(1, 'Windows 10 Pro', 1, '21H2'),
(2, 'Microsoft Office', 1, '2021'),
(3, 'Adobe Photoshop', 2, 'CC 2023'),
(4, 'IntelliJ IDEA', 3, '2023.1'),
(5, 'Java Development Kit', 4, '17'),
(6, 'AutoCAD', 5, '2023'),
(7, 'Google Chrome', 5, '112');

-- --------------------------------------------------------

--
-- Структура таблицы `statuses`
--

CREATE TABLE `statuses` (
  `id` int NOT NULL,
  `name` varchar(100) NOT NULL
) ENGINE=InnoDB DEFAULT CHARSET=utf8mb4 COLLATE=utf8mb4_0900_ai_ci;

--
-- Дамп данных таблицы `statuses`
--

INSERT INTO `statuses` (`id`, `name`) VALUES
(5, 'В запасе'),
(1, 'Используется'),
(4, 'На выдаче'),
(2, 'На ремонте'),
(3, 'Сломано'),
(6, 'Списан');

-- --------------------------------------------------------

--
-- Структура таблицы `users`
--

CREATE TABLE `users` (
  `id` int NOT NULL,
  `username` varchar(50) NOT NULL,
  `password` varchar(255) CHARACTER SET utf8mb4 COLLATE utf8mb4_0900_ai_ci NOT NULL,
  `role` varchar(50) CHARACTER SET utf8mb4 COLLATE utf8mb4_0900_ai_ci NOT NULL DEFAULT 'employee',
  `token` varchar(100) DEFAULT NULL,
  `email` varchar(100) DEFAULT NULL,
  `last_name` varchar(50) NOT NULL,
  `first_name` varchar(50) NOT NULL,
  `middle_name` varchar(50) DEFAULT NULL,
  `phone` varchar(20) DEFAULT NULL,
  `address` varchar(255) CHARACTER SET utf8mb4 COLLATE utf8mb4_0900_ai_ci DEFAULT NULL
) ENGINE=InnoDB DEFAULT CHARSET=utf8mb4 COLLATE=utf8mb4_0900_ai_ci;

--
-- Дамп данных таблицы `users`
--

INSERT INTO `users` (`id`, `username`, `password`, `role`, `token`, `email`, `last_name`, `first_name`, `middle_name`, `phone`, `address`) VALUES
(1, 'admin', 'admin', 'administrator', 'f6fieZCQKmCTNf49lhlNAlOz729rrb1F', 'admin@college.ru', 'Иванов', 'Иван', 'Иванович', '+79990001122', 'г. Москва, ул. Ленина, д. 1'),
(2, 'petrov', 'petrov', 'teacher', '3DKf4NylSVuZIx7tPNB5AwcETzLWGntq', 'petrov@college.ru', 'Петров', 'Петр', 'Петрович', '+79990003344', 'г. Москва, ул. Мира, д. 10'),
(3, 'sidorova', 'sidorova', 'teacher', NULL, 'sidorova@college.ru', 'Сидорова', 'Мария', 'Сергеевна', '+79990005566', 'г. Москва, ул. Пушкина, д. 5'),
(4, 'kozlov', 'kozlov', 'employee', NULL, 'kozlov@college.ru', 'Козлов', 'Алексей', 'Владимирович', '+79990007788', 'г. Москва, ул. Гагарина, д. 15'),
(5, 'smirnov', 'smirnov', 'employee', NULL, 'smirnov@college.ru', 'Смирнов', 'Дмитрий', 'Александрович', '+79990009900', 'г. Москва, ул. Чехова, д. 20');

--
-- Индексы сохранённых таблиц
--

--
-- Индексы таблицы `consumables`
--
ALTER TABLE `consumables`
  ADD PRIMARY KEY (`id`),
  ADD KEY `consumable_type_id` (`consumable_type_id`),
  ADD KEY `responsible_user_id` (`responsible_user_id`),
  ADD KEY `temp_responsible_user_id` (`temp_responsible_user_id`);

--
-- Индексы таблицы `consumable_characteristics`
--
ALTER TABLE `consumable_characteristics`
  ADD PRIMARY KEY (`id`),
  ADD UNIQUE KEY `unique_type_characteristic` (`consumable_type_id`,`name`);

--
-- Индексы таблицы `consumable_characteristic_values`
--
ALTER TABLE `consumable_characteristic_values`
  ADD PRIMARY KEY (`id`),
  ADD UNIQUE KEY `unique_consumable_characteristic` (`consumable_id`,`characteristic_id`),
  ADD KEY `characteristic_id` (`characteristic_id`);

--
-- Индексы таблицы `consumable_equipment`
--
ALTER TABLE `consumable_equipment`
  ADD PRIMARY KEY (`id`),
  ADD KEY `consumable_id` (`consumable_id`),
  ADD KEY `equipment_id` (`equipment_id`),
  ADD KEY `attached_by_user_id` (`attached_by_user_id`);

--
-- Индексы таблицы `consumable_responsible_history`
--
ALTER TABLE `consumable_responsible_history`
  ADD PRIMARY KEY (`id`),
  ADD KEY `consumable_id` (`consumable_id`),
  ADD KEY `responsible_user_id` (`responsible_user_id`),
  ADD KEY `assigned_by_user_id` (`assigned_by_user_id`);

--
-- Индексы таблицы `consumable_types`
--
ALTER TABLE `consumable_types`
  ADD PRIMARY KEY (`id`),
  ADD UNIQUE KEY `name` (`name`);

--
-- Индексы таблицы `developers`
--
ALTER TABLE `developers`
  ADD PRIMARY KEY (`id`),
  ADD UNIQUE KEY `name` (`name`);

--
-- Индексы таблицы `directions`
--
ALTER TABLE `directions`
  ADD PRIMARY KEY (`id`),
  ADD UNIQUE KEY `name` (`name`);

--
-- Индексы таблицы `equipment`
--
ALTER TABLE `equipment`
  ADD PRIMARY KEY (`id`),
  ADD UNIQUE KEY `inventory_number` (`inventory_number`),
  ADD KEY `room_id` (`room_id`),
  ADD KEY `responsible_user_id` (`responsible_user_id`),
  ADD KEY `temp_responsible_user_id` (`temp_responsible_user_id`),
  ADD KEY `direction_id` (`direction_id`),
  ADD KEY `status_id` (`status_id`),
  ADD KEY `model_id` (`model_id`);

--
-- Индексы таблицы `equipment_responsible_history`
--
ALTER TABLE `equipment_responsible_history`
  ADD PRIMARY KEY (`id`),
  ADD KEY `equipment_id` (`equipment_id`),
  ADD KEY `responsible_user_id` (`responsible_user_id`),
  ADD KEY `assigned_by_user_id` (`assigned_by_user_id`);

--
-- Индексы таблицы `equipment_room_history`
--
ALTER TABLE `equipment_room_history`
  ADD PRIMARY KEY (`id`),
  ADD KEY `equipment_id` (`equipment_id`),
  ADD KEY `room_id` (`room_id`),
  ADD KEY `moved_by_user_id` (`moved_by_user_id`);

--
-- Индексы таблицы `equipment_software`
--
ALTER TABLE `equipment_software`
  ADD PRIMARY KEY (`id`),
  ADD UNIQUE KEY `unique_equipment_software` (`equipment_id`,`software_id`),
  ADD KEY `software_id` (`software_id`);

--
-- Индексы таблицы `equipment_types`
--
ALTER TABLE `equipment_types`
  ADD PRIMARY KEY (`id`),
  ADD UNIQUE KEY `name` (`name`);

--
-- Индексы таблицы `inventories`
--
ALTER TABLE `inventories`
  ADD PRIMARY KEY (`id`),
  ADD KEY `created_by_user_id` (`created_by_user_id`);

--
-- Индексы таблицы `inventory_checks`
--
ALTER TABLE `inventory_checks`
  ADD PRIMARY KEY (`id`),
  ADD UNIQUE KEY `unique_inventory_equipment` (`inventory_id`,`equipment_id`),
  ADD KEY `equipment_id` (`equipment_id`),
  ADD KEY `checked_by_user_id` (`checked_by_user_id`);

--
-- Индексы таблицы `models`
--
ALTER TABLE `models`
  ADD PRIMARY KEY (`id`),
  ADD KEY `equipment_type_id` (`equipment_type_id`);

--
-- Индексы таблицы `network_settings`
--
ALTER TABLE `network_settings`
  ADD PRIMARY KEY (`id`),
  ADD UNIQUE KEY `unique_ip_address` (`ip_address`),
  ADD KEY `equipment_id` (`equipment_id`);

--
-- Индексы таблицы `rooms`
--
ALTER TABLE `rooms`
  ADD PRIMARY KEY (`id`),
  ADD KEY `responsible_user_id` (`responsible_user_id`),
  ADD KEY `temp_responsible_user_id` (`temp_responsible_user_id`);

--
-- Индексы таблицы `software`
--
ALTER TABLE `software`
  ADD PRIMARY KEY (`id`),
  ADD KEY `developer_id` (`developer_id`);

--
-- Индексы таблицы `statuses`
--
ALTER TABLE `statuses`
  ADD PRIMARY KEY (`id`),
  ADD UNIQUE KEY `name` (`name`);

--
-- Индексы таблицы `users`
--
ALTER TABLE `users`
  ADD PRIMARY KEY (`id`),
  ADD UNIQUE KEY `username` (`username`);

--
-- AUTO_INCREMENT для сохранённых таблиц
--

--
-- AUTO_INCREMENT для таблицы `consumables`
--
ALTER TABLE `consumables`
  MODIFY `id` int NOT NULL AUTO_INCREMENT;

--
-- AUTO_INCREMENT для таблицы `consumable_characteristics`
--
ALTER TABLE `consumable_characteristics`
  MODIFY `id` int NOT NULL AUTO_INCREMENT, AUTO_INCREMENT=13;

--
-- AUTO_INCREMENT для таблицы `consumable_characteristic_values`
--
ALTER TABLE `consumable_characteristic_values`
  MODIFY `id` int NOT NULL AUTO_INCREMENT, AUTO_INCREMENT=11;

--
-- AUTO_INCREMENT для таблицы `consumable_equipment`
--
ALTER TABLE `consumable_equipment`
  MODIFY `id` int NOT NULL AUTO_INCREMENT;

--
-- AUTO_INCREMENT для таблицы `consumable_responsible_history`
--
ALTER TABLE `consumable_responsible_history`
  MODIFY `id` int NOT NULL AUTO_INCREMENT, AUTO_INCREMENT=5;

--
-- AUTO_INCREMENT для таблицы `consumable_types`
--
ALTER TABLE `consumable_types`
  MODIFY `id` int NOT NULL AUTO_INCREMENT, AUTO_INCREMENT=6;

--
-- AUTO_INCREMENT для таблицы `developers`
--
ALTER TABLE `developers`
  MODIFY `id` int NOT NULL AUTO_INCREMENT, AUTO_INCREMENT=8;

--
-- AUTO_INCREMENT для таблицы `directions`
--
ALTER TABLE `directions`
  MODIFY `id` int NOT NULL AUTO_INCREMENT, AUTO_INCREMENT=7;

--
-- AUTO_INCREMENT для таблицы `equipment`
--
ALTER TABLE `equipment`
  MODIFY `id` int NOT NULL AUTO_INCREMENT;

--
-- AUTO_INCREMENT для таблицы `equipment_responsible_history`
--
ALTER TABLE `equipment_responsible_history`
  MODIFY `id` int NOT NULL AUTO_INCREMENT, AUTO_INCREMENT=5;

--
-- AUTO_INCREMENT для таблицы `equipment_room_history`
--
ALTER TABLE `equipment_room_history`
  MODIFY `id` int NOT NULL AUTO_INCREMENT, AUTO_INCREMENT=5;

--
-- AUTO_INCREMENT для таблицы `equipment_software`
--
ALTER TABLE `equipment_software`
  MODIFY `id` int NOT NULL AUTO_INCREMENT, AUTO_INCREMENT=7;

--
-- AUTO_INCREMENT для таблицы `equipment_types`
--
ALTER TABLE `equipment_types`
  MODIFY `id` int NOT NULL AUTO_INCREMENT, AUTO_INCREMENT=8;

--
-- AUTO_INCREMENT для таблицы `inventories`
--
ALTER TABLE `inventories`
  MODIFY `id` int NOT NULL AUTO_INCREMENT, AUTO_INCREMENT=3;

--
-- AUTO_INCREMENT для таблицы `inventory_checks`
--
ALTER TABLE `inventory_checks`
  MODIFY `id` int NOT NULL AUTO_INCREMENT, AUTO_INCREMENT=6;

--
-- AUTO_INCREMENT для таблицы `models`
--
ALTER TABLE `models`
  MODIFY `id` int NOT NULL AUTO_INCREMENT, AUTO_INCREMENT=8;

--
-- AUTO_INCREMENT для таблицы `network_settings`
--
ALTER TABLE `network_settings`
  MODIFY `id` int NOT NULL AUTO_INCREMENT, AUTO_INCREMENT=4;

--
-- AUTO_INCREMENT для таблицы `rooms`
--
ALTER TABLE `rooms`
  MODIFY `id` int NOT NULL AUTO_INCREMENT, AUTO_INCREMENT=6;

--
-- AUTO_INCREMENT для таблицы `software`
--
ALTER TABLE `software`
  MODIFY `id` int NOT NULL AUTO_INCREMENT, AUTO_INCREMENT=8;

--
-- AUTO_INCREMENT для таблицы `statuses`
--
ALTER TABLE `statuses`
  MODIFY `id` int NOT NULL AUTO_INCREMENT, AUTO_INCREMENT=7;

--
-- AUTO_INCREMENT для таблицы `users`
--
ALTER TABLE `users`
  MODIFY `id` int NOT NULL AUTO_INCREMENT, AUTO_INCREMENT=7;

--
-- Ограничения внешнего ключа сохраненных таблиц
--

--
-- Ограничения внешнего ключа таблицы `consumables`
--
ALTER TABLE `consumables`
  ADD CONSTRAINT `consumables_ibfk_1` FOREIGN KEY (`consumable_type_id`) REFERENCES `consumable_types` (`id`) ON DELETE RESTRICT,
  ADD CONSTRAINT `consumables_ibfk_2` FOREIGN KEY (`responsible_user_id`) REFERENCES `users` (`id`) ON DELETE SET NULL,
  ADD CONSTRAINT `consumables_ibfk_3` FOREIGN KEY (`temp_responsible_user_id`) REFERENCES `users` (`id`) ON DELETE SET NULL;

--
-- Ограничения внешнего ключа таблицы `consumable_characteristics`
--
ALTER TABLE `consumable_characteristics`
  ADD CONSTRAINT `consumable_characteristics_ibfk_1` FOREIGN KEY (`consumable_type_id`) REFERENCES `consumable_types` (`id`) ON DELETE CASCADE;

--
-- Ограничения внешнего ключа таблицы `consumable_characteristic_values`
--
ALTER TABLE `consumable_characteristic_values`
  ADD CONSTRAINT `consumable_characteristic_values_ibfk_1` FOREIGN KEY (`consumable_id`) REFERENCES `consumables` (`id`) ON DELETE CASCADE,
  ADD CONSTRAINT `consumable_characteristic_values_ibfk_2` FOREIGN KEY (`characteristic_id`) REFERENCES `consumable_characteristics` (`id`) ON DELETE CASCADE;

--
-- Ограничения внешнего ключа таблицы `consumable_equipment`
--
ALTER TABLE `consumable_equipment`
  ADD CONSTRAINT `consumable_equipment_ibfk_1` FOREIGN KEY (`consumable_id`) REFERENCES `consumables` (`id`) ON DELETE CASCADE,
  ADD CONSTRAINT `consumable_equipment_ibfk_2` FOREIGN KEY (`equipment_id`) REFERENCES `equipment` (`id`) ON DELETE CASCADE,
  ADD CONSTRAINT `consumable_equipment_ibfk_3` FOREIGN KEY (`attached_by_user_id`) REFERENCES `users` (`id`) ON DELETE SET NULL;

--
-- Ограничения внешнего ключа таблицы `consumable_responsible_history`
--
ALTER TABLE `consumable_responsible_history`
  ADD CONSTRAINT `consumable_responsible_history_ibfk_1` FOREIGN KEY (`consumable_id`) REFERENCES `consumables` (`id`) ON DELETE CASCADE,
  ADD CONSTRAINT `consumable_responsible_history_ibfk_2` FOREIGN KEY (`responsible_user_id`) REFERENCES `users` (`id`) ON DELETE CASCADE,
  ADD CONSTRAINT `consumable_responsible_history_ibfk_3` FOREIGN KEY (`assigned_by_user_id`) REFERENCES `users` (`id`) ON DELETE SET NULL;

--
-- Ограничения внешнего ключа таблицы `equipment`
--
ALTER TABLE `equipment`
  ADD CONSTRAINT `equipment_ibfk_1` FOREIGN KEY (`room_id`) REFERENCES `rooms` (`id`) ON DELETE SET NULL,
  ADD CONSTRAINT `equipment_ibfk_2` FOREIGN KEY (`responsible_user_id`) REFERENCES `users` (`id`) ON DELETE SET NULL,
  ADD CONSTRAINT `equipment_ibfk_3` FOREIGN KEY (`temp_responsible_user_id`) REFERENCES `users` (`id`) ON DELETE SET NULL,
  ADD CONSTRAINT `equipment_ibfk_4` FOREIGN KEY (`direction_id`) REFERENCES `directions` (`id`) ON DELETE SET NULL,
  ADD CONSTRAINT `equipment_ibfk_5` FOREIGN KEY (`status_id`) REFERENCES `statuses` (`id`) ON DELETE SET NULL,
  ADD CONSTRAINT `equipment_ibfk_6` FOREIGN KEY (`model_id`) REFERENCES `models` (`id`) ON DELETE SET NULL;

--
-- Ограничения внешнего ключа таблицы `equipment_responsible_history`
--
ALTER TABLE `equipment_responsible_history`
  ADD CONSTRAINT `equipment_responsible_history_ibfk_1` FOREIGN KEY (`equipment_id`) REFERENCES `equipment` (`id`) ON DELETE CASCADE,
  ADD CONSTRAINT `equipment_responsible_history_ibfk_2` FOREIGN KEY (`responsible_user_id`) REFERENCES `users` (`id`) ON DELETE CASCADE,
  ADD CONSTRAINT `equipment_responsible_history_ibfk_3` FOREIGN KEY (`assigned_by_user_id`) REFERENCES `users` (`id`) ON DELETE SET NULL;

--
-- Ограничения внешнего ключа таблицы `equipment_room_history`
--
ALTER TABLE `equipment_room_history`
  ADD CONSTRAINT `equipment_room_history_ibfk_1` FOREIGN KEY (`equipment_id`) REFERENCES `equipment` (`id`) ON DELETE CASCADE,
  ADD CONSTRAINT `equipment_room_history_ibfk_2` FOREIGN KEY (`room_id`) REFERENCES `rooms` (`id`) ON DELETE CASCADE,
  ADD CONSTRAINT `equipment_room_history_ibfk_3` FOREIGN KEY (`moved_by_user_id`) REFERENCES `users` (`id`) ON DELETE SET NULL;

--
-- Ограничения внешнего ключа таблицы `equipment_software`
--
ALTER TABLE `equipment_software`
  ADD CONSTRAINT `equipment_software_ibfk_1` FOREIGN KEY (`equipment_id`) REFERENCES `equipment` (`id`) ON DELETE CASCADE,
  ADD CONSTRAINT `equipment_software_ibfk_2` FOREIGN KEY (`software_id`) REFERENCES `software` (`id`) ON DELETE CASCADE;

--
-- Ограничения внешнего ключа таблицы `inventories`
--
ALTER TABLE `inventories`
  ADD CONSTRAINT `inventories_ibfk_1` FOREIGN KEY (`created_by_user_id`) REFERENCES `users` (`id`) ON DELETE SET NULL;

--
-- Ограничения внешнего ключа таблицы `inventory_checks`
--
ALTER TABLE `inventory_checks`
  ADD CONSTRAINT `inventory_checks_ibfk_1` FOREIGN KEY (`inventory_id`) REFERENCES `inventories` (`id`) ON DELETE CASCADE,
  ADD CONSTRAINT `inventory_checks_ibfk_2` FOREIGN KEY (`equipment_id`) REFERENCES `equipment` (`id`) ON DELETE CASCADE,
  ADD CONSTRAINT `inventory_checks_ibfk_3` FOREIGN KEY (`checked_by_user_id`) REFERENCES `users` (`id`) ON DELETE SET NULL;

--
-- Ограничения внешнего ключа таблицы `models`
--
ALTER TABLE `models`
  ADD CONSTRAINT `models_ibfk_1` FOREIGN KEY (`equipment_type_id`) REFERENCES `equipment_types` (`id`) ON DELETE RESTRICT;

--
-- Ограничения внешнего ключа таблицы `network_settings`
--
ALTER TABLE `network_settings`
  ADD CONSTRAINT `network_settings_ibfk_1` FOREIGN KEY (`equipment_id`) REFERENCES `equipment` (`id`) ON DELETE CASCADE;

--
-- Ограничения внешнего ключа таблицы `rooms`
--
ALTER TABLE `rooms`
  ADD CONSTRAINT `rooms_ibfk_1` FOREIGN KEY (`responsible_user_id`) REFERENCES `users` (`id`) ON DELETE SET NULL,
  ADD CONSTRAINT `rooms_ibfk_2` FOREIGN KEY (`temp_responsible_user_id`) REFERENCES `users` (`id`) ON DELETE SET NULL;

--
-- Ограничения внешнего ключа таблицы `software`
--
ALTER TABLE `software`
  ADD CONSTRAINT `software_ibfk_1` FOREIGN KEY (`developer_id`) REFERENCES `developers` (`id`) ON DELETE RESTRICT;
COMMIT;

/*!40101 SET CHARACTER_SET_CLIENT=@OLD_CHARACTER_SET_CLIENT */;
/*!40101 SET CHARACTER_SET_RESULTS=@OLD_CHARACTER_SET_RESULTS */;
/*!40101 SET COLLATION_CONNECTION=@OLD_COLLATION_CONNECTION */;
